"year","sex","maturity","m27.5","m32.5","m37.5","m42.5","m47.5","m52.5","m57.5","m62.5","m67.5","m72.5","m77.5","m82.5","m87.5","m92.5","m97.5","m102.5","m107.5","m112.5","m117.5","m122.5","m127.5","m132.5"
1982,"male","mature",0,0,5.41302825409147e-05,0.00274384631585636,0.0159360794079865,0.0572326919185348,0.105409059502647,0.114217869040109,0.10894446101023,0.117779952435281,0.12360436625529,0.0953790797620943,0.0712712555390889,0.0564407013985809,0.0485352643372324,0.0402468749970124,0.0201149998199775,0.012199032118479,0.0046772649937221,0.00318770779721451,0.00136073440198326,0.000664628666139348
1983,"male","mature",4.65639144949723e-05,9.02780569007838e-05,0.000351470321334357,0.00154221175799298,0.0119507641289201,0.0440541515760621,0.093624743958598,0.112859913711318,0.105937545650962,0.0951038712680346,0.0914661198686702,0.0862614193392619,0.0889897850105851,0.087665341835317,0.0674550373553744,0.049002167270946,0.0343862551091258,0.0172211189527583,0.00687584564587225,0.00353013703162921,0.0012658187270443,0.000319439508797332
1984,"male","mature",5.28891170901046e-05,0.00010534890626551,0.00280494158185868,0.00800750973696182,0.0300322224049648,0.0373544114004884,0.0600149308701439,0.0651636765993925,0.0645441825606682,0.069460277755986,0.0772571419609699,0.0714851145501383,0.0672079422808345,0.0822215384873364,0.0870776412739479,0.0770216960006584,0.0762310602393489,0.060330656042966,0.037935462765224,0.0184812774958743,0.00543958113738945,0.00177049683149226
1985,"male","mature",0,0,0.00324740309465469,0.0125365197685181,0.0161906075768433,0.0288601446590965,0.0495424265993058,0.0608604662882336,0.0466997010479147,0.0525240137669665,0.0685383191351628,0.06982834176786,0.070737719371035,0.0725445210845792,0.0800837273684411,0.0913772046546014,0.0902573478314935,0.0855533753570422,0.0605736421942179,0.0308932006774769,0.00722319284578985,0.00192812491076701
1986,"male","mature",0,8.68421029346823e-05,0.00616545474389474,0.0133981548489262,0.0239445648192269,0.0604586147288665,0.0970018974425697,0.102244545230455,0.0894172561907695,0.0804572854740142,0.0717117809215586,0.0617378039005613,0.0437663817263204,0.0452041919759269,0.0527459206707271,0.0616252951567789,0.0620522887913369,0.0581644152945375,0.0389838628050346,0.0222103956260192,0.00668809419522679,0.00193495335431473
1987,"male","mature",0,0,0.0109626360496351,0.0310701480281526,0.0488392284745412,0.0788486703995833,0.12962585609768,0.118427468172676,0.085400044012542,0.0702093763981067,0.0677097322407925,0.0540449838915189,0.0435670459636877,0.0505404411214629,0.0507455547141632,0.0527881703517676,0.0424231541736472,0.0299593692185931,0.0203744370857497,0.00994287657690146,0.00362314522470799,0.000897661804091221
1988,"male","mature",5.35166738125691e-05,0,0.00426726531866835,0.0120144818303533,0.0331148472184061,0.0827450882204824,0.120385517433694,0.120011679423396,0.0905034627551832,0.0916391408884133,0.0795066687796548,0.0657221143969965,0.045261929442424,0.0454591982793971,0.0453155437224746,0.0473682579948928,0.0375481680865339,0.0299503425629814,0.0236824517535319,0.0155805294777231,0.00796813808967623,0.00190165765130505
1989,"male","mature",2.6753513826859e-05,0.000598023484786507,0.00173532727770041,0.0125197021001739,0.0259706424113477,0.0540104126530042,0.0871564942595674,0.102053233501522,0.121031554049044,0.122470769350116,0.101669466749076,0.0753336235662802,0.0551367728943088,0.0521811635899515,0.0520808827526458,0.0453918441355854,0.0367978115564581,0.0227969559196246,0.0155468160864991,0.0101070941865538,0.00362998959295141,0.00175466636897568
1990,"male","mature",0,0,0.00103603114713599,0.00419450958825015,0.00902755304028375,0.0244517423145633,0.0480285813745901,0.0546577340010876,0.0585168883893357,0.0683341376433782,0.068784559222527,0.0683908770663644,0.0675287353327309,0.0964160925562243,0.110413635374665,0.104388022612003,0.0799785230992515,0.0561970836563178,0.043832087994467,0.0224058604361991,0.00889305887388124,0.00452428627674439
1991,"male","mature",8.83806918125339e-05,0,0.00180558904434597,0.00962946777986184,0.0190861755842203,0.0283228886688649,0.0604509124781628,0.0704053736486501,0.0584338461178382,0.049517391296713,0.050678012218408,0.0503338844806647,0.0555981419748185,0.0749074297526224,0.0744269529013474,0.0712886278181001,0.0690445910317237,0.0870090509367118,0.0727607750849028,0.0562230539125043,0.0266330242273357,0.0133564303503908
1992,"male","mature",3.26428771953609e-05,0,0.00645064131278771,0.0311162231033848,0.0734593869334538,0.0615344649681772,0.0576725149124069,0.0667671064676954,0.0620361112298288,0.0548616077287179,0.0656848442294775,0.0577273428695683,0.0506192297664101,0.0511377638358697,0.0523375996010665,0.0594762203625186,0.0630229843634733,0.0670127633513624,0.0569938688451639,0.038403070710607,0.0159218638344693,0.00773174869636547
1993,"male","mature",1.82956049983159e-05,0,0.00790241969110616,0.0366867661203089,0.0869031911452755,0.161985671211365,0.182288948808174,0.135352307022529,0.0795459107071592,0.0574083821646972,0.0439816805375031,0.0329929922297674,0.0237921241070817,0.0240248809977285,0.0253503637511371,0.0265345800765164,0.0213119745650748,0.0205536666093472,0.0170378691225393,0.010283877169712,0.00376546606894307,0.00227863228903578
1994,"male","mature",0,0.00259845674675691,0.0122400875120945,0.0329419145784822,0.043053976658831,0.101242295351267,0.153443982028818,0.142330535830784,0.118211185238601,0.0944723524070051,0.0744046416663674,0.050793890251773,0.0318122426219175,0.0273991258196899,0.0216359556946557,0.0256544043642469,0.0187805502315563,0.0174002755356776,0.0155144144000305,0.00967890793699241,0.00478464467582205,0.0016061604486316
1995,"male","mature",0,0,0.0027857305052545,0.0132320568746736,0.0311888695502009,0.0860779270131901,0.125885593812517,0.160400286858698,0.146150574204032,0.131626193951774,0.0899315698898712,0.0589410266158289,0.0382045966590254,0.0316268100142222,0.0259545672603482,0.02137558193706,0.0133035005779076,0.0101574541254798,0.007491147670051,0.00395148274759941,0.001321751798669,0.000393277933597366
1996,"male","mature",0,3.74817704284667e-05,0.000742138705177766,0.00738095919724172,0.0193292131649927,0.0391861545478725,0.0787836117816616,0.110402830260163,0.123687745079008,0.117211341060966,0.109660239495619,0.0860716801720873,0.0673256315370553,0.0623404388786658,0.0482252597990142,0.0459318330935317,0.0369840721870927,0.0238197864871721,0.0129465074468775,0.00648038123605492,0.00240955938636034,0.00104313471295757
1997,"male","mature",6.24373294201956e-05,0,0.000118537711732936,0.00102559253576901,0.0034794469142732,0.011699335159007,0.0266548436252334,0.055718476524895,0.0738441694231489,0.0994414458954834,0.0963459640151978,0.0902214484267845,0.082406367430629,0.0752652428691893,0.0746380799053175,0.0731369598635937,0.0751745066532398,0.0673350211701443,0.0473449185375891,0.0279008448091368,0.0133080873866777,0.00487827381353754
1998,"male","mature",7.10439122306384e-05,0,0.0012191040060087,0.00478711825744984,0.0109629755244191,0.01610068823414,0.032233328737425,0.0473291242096646,0.0644691210834517,0.0660546951060827,0.0642196534436115,0.0649595354202785,0.0681247667418976,0.0752970186141251,0.0847354758888096,0.0969768651899475,0.0954464311134594,0.0900257725973617,0.0617310785559997,0.0368893457481489,0.0135905729868728,0.00477628462861546
1999,"male","mature",0.000435841183018448,0.00071042384558687,0.00170896275536694,0.00242705415552068,0.00690341584956848,0.0223770711456189,0.0456282341301825,0.0696800995024109,0.0722328907936938,0.0681029143901719,0.0647883519601021,0.0637372143279062,0.0629604502561858,0.0756035798677725,0.0963166964103155,0.0867967614716287,0.0742389984301271,0.0733116804082344,0.0555282180132501,0.0351786440683244,0.0155739325728774,0.00575856446213666
2000,"male","mature",7.58118137345831e-05,0.000348756911923483,0.00454495713078909,0.0196071800548067,0.0377033047924728,0.0738406256670121,0.111442445456015,0.105963600864099,0.0706065498952689,0.0609049492826358,0.0604444445502154,0.0542355068322005,0.0548846093050069,0.0562404905536154,0.0643207435908749,0.0675597418695959,0.0490434246942219,0.0478121896295363,0.0325679369011878,0.019459217039541,0.00540529600417387,0.00298821716107298
2001,"male","mature",0,0,0.00250754575521347,0.00677552528228105,0.00806366798837395,0.0434162807609364,0.0811469350304125,0.132628066391527,0.147536588096389,0.129336569227644,0.0994796830737446,0.0652476067968056,0.0434362064865045,0.0480443173461374,0.0436545780464383,0.0495829376829176,0.0357533298874588,0.0297977194949842,0.0177067053387573,0.00951697121653111,0.00465995792368507,0.00170880817325745
2002,"male","mature",0,0,0.00179728123581339,0.00602060033984331,0.00631348501218794,0.0234830415541302,0.0442560134841238,0.0730622350703621,0.0800921273287203,0.100626291880902,0.0839789083479557,0.0814024262696323,0.0836073579953099,0.0855684365741391,0.0858836486161763,0.0854424178939527,0.0689150938223451,0.0454823073413294,0.0231338727987122,0.0147806287499609,0.00477018240630629,0.00138364327809685
2003,"male","mature",0,0.000118069409816636,0.00280953977073524,0.00708073907187817,0.0319167644335269,0.0394672926972552,0.0567809039968998,0.0719575717778588,0.0887604854116039,0.0888688490823303,0.0817482472602891,0.071946994677581,0.0629737047221837,0.0701992310782763,0.0729409527292674,0.0703902778978848,0.066069720819874,0.0554432084016232,0.0348198417601557,0.0192375996752303,0.00504306156682714,0.00142694375890244
2004,"male","mature",0.000450990140651179,0.000478002601080646,0.0215536270456828,0.0248727677753175,0.0371857232037343,0.085435755209957,0.104036502187148,0.148423643431915,0.103384782518158,0.0586777510827141,0.0545499972542028,0.0473339296846532,0.035669144287672,0.0453162563576272,0.0429591327856289,0.0415524507001933,0.0399116373817187,0.0381288253296919,0.0322589388656189,0.0255859202502398,0.00847817635332555,0.00375604555306959
2005,"male","mature",0.000180721328479733,4.28029779196041e-05,0.00134288307186765,0.0121647101560417,0.0462456011153187,0.0775368793462393,0.0916288095755971,0.157803146348824,0.147202592890631,0.0906998566307516,0.0678798106712751,0.0745273870560167,0.0639260999762059,0.0378888772687934,0.025274363942496,0.023200210374594,0.0190351094542178,0.0210188949381767,0.0182590441156917,0.0126871612236499,0.00836174943535287,0.00309328810185961
2006,"male","mature",0.00136691803473926,0.00273383606947851,0.00165800927740137,0.00857013156576826,0.0172042884510427,0.0334940105427594,0.0617897355810732,0.110926809748476,0.105045488115959,0.0836137409893224,0.070662846329792,0.0802144047390315,0.0655220436846411,0.0510262896929227,0.0493161703711399,0.0642263074824147,0.0735457771489705,0.0630036941242814,0.0313467083327657,0.014008892048871,0.0083460480656039,0.0023778496035453
2007,"male","mature",0,0,0.000709637607333352,0.00357421814841729,0.0217040073889156,0.0649822967353184,0.0872506847663956,0.103286561270339,0.0816675039570279,0.0708235873192469,0.0657925686500568,0.0716481249032788,0.0620066273149262,0.0630768893967409,0.0580952276359393,0.0685398380776267,0.0729035888789001,0.0537313832509152,0.0315294388771438,0.0127661943038263,0.00481126899106231,0.00110035252658946
2008,"male","mature",0,9.18981627475453e-05,0.000716796964968147,0.00291040660481309,0.00745041256973761,0.0253615368948432,0.0659419673267687,0.103143987280645,0.122206091939291,0.117243046344516,0.0829441177124594,0.0637951863826013,0.0596801614550476,0.0573460982843538,0.0578309155924218,0.0686146632403793,0.0612552398941553,0.0534059073083353,0.0266547592532139,0.0148334530913684,0.00583417165973652,0.00273918203759679
2009,"male","mature",0,0,0.0034218815066378,0.00747523480008932,0.0224804444406102,0.0406359228777765,0.0627014257340028,0.0792663118624365,0.0660729984946229,0.0701108450994396,0.0673022173194907,0.0675088625958394,0.0623610909204432,0.0625454664321882,0.0762843281170644,0.0829297113862795,0.0765972933693746,0.0564050174626564,0.0444495723974324,0.0335600484316716,0.0126074127611707,0.0052839139907732
2010,"male","mature",0,0,0.00338082403353924,0.0196466496514647,0.0964923271356709,0.149082319086633,0.110390426491911,0.127895072868035,0.0607032158240909,0.0542555452220381,0.0547701774956808,0.0289113420347279,0.0349543718351335,0.0289378833695542,0.0334362034158123,0.0388233346652555,0.0381054460430669,0.0391430636959228,0.0374210321374996,0.0262734603075127,0.0130091977195691,0.00436810696688222
2011,"male","mature",0,0.00138407854689705,0.00129185926548906,0.00891966823861685,0.0232946924234575,0.0659032469949108,0.130441149608867,0.151651304099955,0.118696772993406,0.0698468048512723,0.0577008358479717,0.0377186610566994,0.0305577884090332,0.0318090424007083,0.0400983633781084,0.0413061705456405,0.0472277094136732,0.0464047347995944,0.0453124040427007,0.0325384024506791,0.0123483287793446,0.00554798185297523
2012,"male","mature",0,6.93291513992744e-05,0.00628107439524419,0.0220712358653591,0.0439479343444213,0.0703032821600153,0.105984869881388,0.12497361192695,0.114904479072797,0.100240772153833,0.0783258269043413,0.0664008989436705,0.042046654944333,0.0264572326694874,0.0355026062341073,0.0397703589533487,0.0344881222914783,0.0323314607761851,0.0263337224979297,0.0171487682429486,0.00909309476789552,0.0033246638228675
2013,"male","mature",0,0.000792761177966295,0.0038456916320326,0.00943374894468487,0.0246637782459426,0.051267463966363,0.0869535158179967,0.0969472826581746,0.085435156739382,0.0924013184702928,0.102181578944338,0.0868675472405724,0.0618689445366487,0.0415954858317064,0.0542075638684859,0.057430142194986,0.0517451548447475,0.0374529518983394,0.0276896007077857,0.0168984697709988,0.00655081408204245,0.00377102842651365
2014,"male","mature",0,3.34861593477822e-05,0.00097073703869814,0.00828710276082925,0.0442614475185825,0.043427909752298,0.0901036192163086,0.127498802311639,0.10054980810437,0.0891191653332298,0.0807242223910919,0.0611467155900133,0.0451213731561382,0.0410495189443836,0.0496505892381187,0.0644100382142231,0.0630184942212764,0.0379286881432093,0.0287392864747184,0.0156190973549643,0.00626226806189084,0.00207763001466886
2015,"male","mature",0,0.000156005284981892,0.00988700525659712,0.0194596228212629,0.0240531887663498,0.0430023534797482,0.0918861870369566,0.0964013825588132,0.094888309694611,0.0885091945255311,0.0853234646802013,0.0785512452337528,0.058531771268344,0.0506916908125932,0.05562633953756,0.052031110035473,0.0444588737314413,0.0325469239395872,0.0274201252289945,0.0238629429129886,0.0145737865055751,0.00813847668863706
2016,"male","mature",0,0,0.0217952831274508,0.0654676411092527,0.10958696937866,0.117464900281019,0.108598854874423,0.0877518816281342,0.0571189506693249,0.0565975779223418,0.0622901716997982,0.0586348686872212,0.0530249091158064,0.0424014931278002,0.0409153743330804,0.0373762304395894,0.0300977650003636,0.0205414719134206,0.0143798463217125,0.00775525663068183,0.00468158243677285,0.00351897130314661
2017,"male","mature",0,0,0.00991843089823495,0.054369837555174,0.0987132352422813,0.125626487918348,0.176068574404468,0.150566334101397,0.0872495212021799,0.0673050098680245,0.0568022091422805,0.0340695196413199,0.0273100090034552,0.0195304125337329,0.0232474091650601,0.0219819041264648,0.0178604360610417,0.0141334338928767,0.0082171348051713,0.00427548451162631,0.00222939011077023,0.000525225816092807
2018,"male","mature",0,1.52102697760617e-05,0.00147716439572227,0.0155902929437595,0.0583977654627659,0.157259470805436,0.196540412974333,0.167562770089701,0.111154573455883,0.0814147583411981,0.0662281239907299,0.050288081999509,0.0267872577912258,0.0196787499072404,0.0155228736020615,0.0142182103963386,0.0086155190383191,0.00473047773774828,0.0023424982507128,0.00121713168812395,0.000664530474232506,0.000294126385183564
2019,"male","mature",0,0,0.000376986013449812,0.00488841816277301,0.0267840831354984,0.0577035305920055,0.0897690318164792,0.106647764646189,0.112502700709238,0.132514425683385,0.130208149857337,0.108395132867155,0.0761122521704895,0.056780664427398,0.0386215219539408,0.0283413342989986,0.0155326608406692,0.00770178179493237,0.0039759713551809,0.00180102122672069,0.00107153895797014,0.000271029490189033
2021,"male","mature",8.66209195130124e-05,0.000326047658608815,0.000613974922181803,0.00164714934075066,0.00503158972060367,0.0215250140777727,0.0311448160582825,0.0506251749536289,0.0659097038385613,0.0972161714548992,0.132169188692446,0.136534367652266,0.123352891147858,0.109859478022892,0.0920798720579663,0.0645215056498972,0.0354144639711251,0.0216642837380622,0.0070120804375258,0.00230733033480537,0.000595465439217945,0.000362809911135523
2022,"male","mature",0,0.000196708149959992,0.00578362529162331,0.0225438900807903,0.0479262866044043,0.0490798846790439,0.0561734293290482,0.053550405740498,0.0700649543656778,0.0744853174918426,0.0858013962517326,0.0826865179924994,0.0799970281606287,0.0799305186040043,0.0877167582631457,0.0760105155346764,0.059968133326409,0.0381236312290834,0.0204210248137514,0.00712115711565032,0.00154600591365316,0.000872811061877267
2023,"male","mature",0,0,0.0163441559687112,0.0297342708274177,0.0702132888796456,0.133510387535893,0.143795765347251,0.126103638434654,0.0566829445815875,0.0357035453099791,0.0284467837851414,0.0312765402289697,0.0326088458338855,0.0500617962516686,0.0525137180168264,0.0574892241741202,0.0550942713825802,0.0425878439923635,0.0208313535000461,0.0117257282504052,0.00404864827587397,0.00122724942298048
2024,"male","mature",0,0,0.00637083623660452,0.0338070577242002,0.0881430450458947,0.146006278882968,0.148463187492979,0.155137977265141,0.0970848576266385,0.0706204627498864,0.0568593520888787,0.0400013253235653,0.0264989483312436,0.0226550950950254,0.0246535696336225,0.023458580815081,0.018858649884939,0.0205396980669992,0.0134985131246737,0.005602531641054,0.00150992507039615,0.000230107900209179
2025,"male","mature",0,0,0.000833849869143302,0.0106063145712309,0.0397245238540689,0.0894470349692323,0.143179139946702,0.173763968184549,0.170474750649263,0.100422459731909,0.0670871331095389,0.0662515081452738,0.0369015254679733,0.0251762473101918,0.0214770420027039,0.0188907764633883,0.0155683678758612,0.0107138880648068,0.0058698318310754,0.00261876352958704,0.000627776173423051,0.000365098250077629
2026,"male","mature",0,0,0.00239085043656551,0.00813806137240614,0.0163183589450798,0.052298443822739,0.104865494716127,0.178956093015781,0.148898638207158,0.108924299931536,0.120384617399947,0.0887152566356671,0.0627039357310255,0.0432225845483605,0.0193984594407918,0.0153164310542367,0.0117353064618455,0.00877695683828104,0.00543277832029296,0.00239478633432868,0.000992576304892527,0.000136070482937822
1982,"male","immature",0.00112064598573711,0.00115047896274192,0.00237841599535392,0.0126406671418942,0.0546497299583762,0.117752487025468,0.150608149021295,0.133737256278053,0.117306175664852,0.112395038104791,0.102040830613978,0.074882666713969,0.0538552402569669,0.0352201070262495,0.0198319211137242,0.00784899800790879,0.00169754185405056,0.000632105801483475,0.00015905938370828,6.83313732046021e-05,1.68108725799684e-05,7.34284361432553e-06
1983,"male","immature",0.0558586347338935,0.0818692549362275,0.010978947278682,0.0166977432073622,0.0495090023203652,0.0834710468734132,0.122971366815265,0.133699286114962,0.108892870956719,0.0726365154124125,0.0581536886000743,0.0571162877741516,0.0602850077047078,0.0506859085447658,0.02446459022517,0.00859892070546307,0.0028637625127557,0.000884273979611577,0.000253430464456661,8.95239701715669e-05,1.62348742236458e-05,3.70199514538162e-06
1984,"male","immature",0.0610827822541329,0.10140612212862,0.0998714587184238,0.143509712330331,0.190789072348132,0.0631487498036291,0.0394699879286011,0.0380317373651603,0.0398873629314064,0.0356720219562647,0.0375843122643716,0.0363142263787146,0.0346859008777808,0.0352699697406039,0.0232254900646562,0.0102460729198608,0.00524926923075102,0.00271973332248657,0.00129704802132085,0.000441586196721057,7.96722104875554e-05,1.7711007543139e-05
1985,"male","immature",0.0435950348860078,0.100471242013432,0.105063406326109,0.17003601630974,0.122142900717641,0.0789934294097674,0.0730848084145245,0.058894635869192,0.0333274662798285,0.030985282698057,0.0362174190115911,0.0385797359236183,0.0362030055336382,0.029306134489499,0.0203963701954062,0.0110756551388698,0.00562303776908037,0.00335015376752227,0.00188233210941053,0.000653718695813381,9.81879611375726e-05,2.00264801137265e-05
1986,"male","immature",0.0514815655750974,0.176849620400202,0.113888172088337,0.12879489474242,0.106438548974758,0.110910991298113,0.0986328152295348,0.0678455143756166,0.0395679372822085,0.0311681761847452,0.0234499356343002,0.0177910845554588,0.010993799409232,0.00816833721476994,0.0063346607936755,0.00394529646904759,0.00187676532018187,0.00109229499568618,0.00052536415593722,0.000204101164117317,3.43245483462005e-05,5.7995882134914e-06
1987,"male","immature",0.0033806879364374,0.0306618450176239,0.16576758688477,0.23417266588508,0.163949792362491,0.102584376358972,0.105216637344975,0.0683165688670861,0.0387447422850387,0.0244861362946984,0.0199194090946126,0.0137194486277178,0.00979210462884867,0.00890244193967076,0.00563029560356913,0.00283522212811896,0.00109353596732747,0.000476241330168298,0.000244226796718238,8.30948669933447e-05,1.96813788239632e-05,3.25840025820837e-06
1988,"male","immature",0.00321909961306568,0.047503471016638,0.0819607437305157,0.127458501101568,0.144040028261455,0.156825083097785,0.131619104883696,0.0989479080794096,0.0554861419898921,0.0473147238246485,0.0341135855437049,0.0276172683776091,0.0165217532144283,0.0126403695199572,0.00769692497481178,0.00401313288847602,0.00148610805449935,0.000762606821875748,0.000466824680608693,0.00022052140097133,7.3753699527439e-05,1.23452248568818e-05
1989,"male","immature",0.000510909365045323,0.00469831678788503,0.0336574183907953,0.117599730897338,0.122758692034239,0.110286713223965,0.0978064650164343,0.0920277264381856,0.107730069634794,0.0974856889138245,0.0690210903367909,0.0528907416975538,0.0384972588635588,0.0276265785523008,0.0160927984475607,0.00730358108205694,0.00239249719433476,0.00087615678463183,0.000488486428844629,0.000207221874839958,3.47008035153576e-05,7.15723150593533e-06
1990,"male","immature",0.00329927682619216,0.0279982578298237,0.0546869831177005,0.0534799078116126,0.0865929334645448,0.115227900213954,0.111419915397401,0.0856098032170059,0.0680804564486807,0.0506477977251467,0.0444737974538876,0.0477107758253137,0.0535935425455562,0.0727998176999109,0.0618992580074144,0.0353836108943431,0.0141427166604065,0.00661003318316493,0.00419445612302175,0.0015920439453634,0.000380440471606187,0.000176275137949317
1991,"male","immature",0.0532817661711578,0.0645117591299195,0.0809138632109353,0.131132402160711,0.139489454208016,0.0962027306787737,0.110782170342878,0.0912635754887788,0.0517474023107738,0.0268685455001498,0.0240007420086831,0.0233958634817918,0.0279591636869981,0.0360476555127823,0.0211682720129967,0.00884269240210961,0.00395173465477987,0.00375513477959526,0.00269933577365087,0.00144561230373656,0.00041325875114716,0.000126865429634578
1992,"male","immature",0.0333334756564085,0.0886673803423029,0.117266238890049,0.231888765312806,0.240554954689871,0.0883496191288111,0.0484858564298087,0.0414040021751233,0.0297818287237471,0.0169541071659855,0.0183684769426146,0.0141872420181234,0.0105271336196899,0.00829440836407516,0.0052067380832166,0.00317868784864543,0.00151348283111846,0.000986205336751929,0.00062607833840225,0.000322876713904838,7.77949259919161e-05,2.46464625517195e-05
1993,"male","immature",0.0392587273042391,0.114427795657225,0.141054965920401,0.211133992827077,0.176380832627284,0.139024577217637,0.0830563781451825,0.0469496044909543,0.018049436281787,0.0098172849295278,0.00686339998885861,0.00522915646436235,0.00300403668251411,0.00250219280652428,0.00157662076870175,0.000907233513975357,0.000351825730354503,0.000203796838691889,0.000133984934433545,5.57025551359759e-05,1.5751603304052e-05,2.70271182792317e-06
1994,"male","immature",0.0258048751335095,0.0890254550422212,0.119498594033105,0.153819010019971,0.132709802886867,0.128175452064158,0.116054428011008,0.0884413066597071,0.0581011594711293,0.0387848773651294,0.0233925949536819,0.0135013362035158,0.00536495209942749,0.00396929139342044,0.00164691939401161,0.00101357889656624,0.000324196071986599,0.000160214311106522,0.000120167343860462,6.54417521245689e-05,2.13852302881228e-05,4.96166320399661e-06
1995,"male","immature",0.00600150518569129,0.0234391058409068,0.0393614590465432,0.0678685130320281,0.137799654198616,0.161971693589576,0.15009789496955,0.134516454117267,0.0975217982374477,0.0715682950359159,0.0405821568394713,0.0290294519901977,0.0194699967034998,0.0119858733035047,0.00599171614298306,0.00213991236949253,0.00044870486493525,0.000123723799315009,5.5508003088159e-05,2.24665863309167e-05,3.39371927285138e-06,7.2242436703042e-07
1996,"male","immature",0.00125171464132012,0.00344192364072832,0.0161326881588724,0.035096020719832,0.0489297760345724,0.0801025174798623,0.109460045210158,0.120812683980178,0.11894293557694,0.101422538968158,0.0869886004286391,0.0831545163229233,0.0719130654482302,0.0608973559168188,0.0351807284167268,0.0169763922265076,0.005720794084421,0.00232966430262918,0.00101159625321625,0.00017505501478631,4.42784284712223e-05,1.51087460089358e-05
1997,"male","immature",0.000841937599113897,0.0023091969121664,0.00798631153346745,0.0241547322155484,0.047806209460381,0.0644356122648567,0.0715132818811437,0.0836013538123259,0.081573899624046,0.0948762812185038,0.0911088519508103,0.095142709330534,0.0913423823976914,0.0918348820439222,0.0682062459532745,0.0410290817862434,0.0209523940876705,0.0127185123031535,0.00597096837613154,0.0020989447767086,0.00039862026230491,9.7590210002027e-05
1998,"male","immature",0.0128673485490642,0.0129754438320962,0.0255597039023328,0.0858898810839092,0.193587323446179,0.122527731407913,0.107589132008407,0.0874489774132537,0.0614193621188129,0.0405709555308453,0.0363481128188401,0.0365078120464809,0.0432075281780149,0.0499476292568161,0.0400157358395073,0.0231849724640084,0.0100836827115214,0.005955478286987,0.00298471543056901,0.00104035113094227,0.000235218510566084,5.29040329339367e-05
1999,"male","immature",0.0544613303009613,0.121327027165393,0.084692099887072,0.0750026722367269,0.117090662500013,0.12152735311799,0.126820834657938,0.112576247306951,0.0626174401120698,0.0307299821857368,0.0186326207655601,0.0148596874163137,0.0136961037296806,0.0152308354401918,0.012894132684237,0.00771393552018944,0.00329437788377624,0.00307258118745315,0.00202938098724286,0.0011651809218181,0.00045694895613521,0.000108565036550182
2000,"male","immature",0.0201326999443329,0.0555784082898862,0.0931853094232733,0.156192068752321,0.142671326067047,0.171875493181429,0.165048624154351,0.0899872467004315,0.0398557256254439,0.0227493906704198,0.0165566470513004,0.0120211623187265,0.00668322188847676,0.00405766999215179,0.00197415444610214,0.000843572148165392,0.000209797027129043,0.000177122892756735,0.000125150598546106,6.14029328452901e-05,9.87818888619421e-06,3.92770597862047e-06
2001,"male","immature",0.0047283095584777,0.00780947298527349,0.0753829105451175,0.13377906122107,0.0500798015171344,0.0833849716292362,0.133765202008759,0.138944884978557,0.132086156914956,0.0993406977607958,0.0643250480784929,0.0371691647646681,0.0198524657840896,0.0104162136225869,0.00548657166875446,0.00247024858061263,0.000614711238623436,0.00021098322956866,0.000105713494944675,3.76500901280672e-05,9.37908454583354e-06,3.81243607527347e-07
2002,"male","immature",0.00755470548584127,0.0237235071659684,0.0352958566706171,0.0784366281640011,0.0768347526735899,0.11496811714946,0.0980040793636741,0.104530973113284,0.0811914884858744,0.0844161819065565,0.0647782368109883,0.0608720666240975,0.069337441140177,0.0541367148395438,0.0288033896088018,0.0117601910219577,0.00361160892650627,0.0012887805913002,0.000322718323307514,0.000102136438620434,2.74131697827531e-05,3.01232604960561e-06
2003,"male","immature",0.0226795222422806,0.0784484267603408,0.121192808048184,0.121009555280107,0.213845887145116,0.122231550867788,0.0892048430133387,0.0564785343650642,0.0467993286005111,0.0313835334614385,0.025518401225815,0.0196927221903195,0.0164022651777502,0.0153902979460136,0.0115367710566345,0.00429395885701085,0.00200933041339808,0.00108543561883273,0.000538302184235589,0.000226909695670004,2.75045641518108e-05,4.11128599946513e-06
2004,"male","immature",0.0174869013251817,0.122019912050002,0.250864095583517,0.132274375784225,0.120203410687104,0.0996116484343779,0.0800107552083879,0.0903641019649662,0.04333968982055,0.0138527750173869,0.0100747912529916,0.0067868498534556,0.00337274563442523,0.00390556656897196,0.00262786023926665,0.00137065320204554,0.000718058695801637,0.000500265061876746,0.000374898806987826,0.000182157151539554,4.46701588839037e-05,1.38174980551829e-05
2005,"male","immature",0.0066029579165746,0.026501404432981,0.0379751417984653,0.137661496930044,0.145731120780517,0.128750499983215,0.124535281845619,0.156373980132244,0.105231106374614,0.0405232278522287,0.0266629300090504,0.0285640963050755,0.020939686831742,0.00969803355631615,0.00276511039751756,0.000856776286779787,0.000252359401907849,0.00016695217243745,0.000119405220887163,5.67149032356268e-05,2.63978006189104e-05,5.31906792805206e-06
2006,"male","immature",0.0149013865753548,0.0314282547730824,0.105884660940825,0.190017989244483,0.092814203223047,0.0644998891238546,0.0919113243277674,0.106288814605684,0.0845777166299816,0.0611593996021461,0.0423130586364614,0.047669534485515,0.029375522443099,0.0150710329579014,0.0104920234371297,0.00705116665622131,0.0029825378500652,0.00111911734182517,0.000368360108690514,4.45679176004032e-05,1.79676145133239e-05,1.14715047512935e-05
2007,"male","immature",0.00188777574698041,0.0107492784341408,0.050722797693195,0.0827113955391441,0.143257229933156,0.197075212939243,0.140505999405542,0.0952048636784453,0.0491726703068555,0.0444798299097644,0.0388492216356776,0.0426882477959493,0.0377725387900351,0.0328414380367339,0.0171045318602933,0.00876050391877932,0.00400572726973419,0.00142942692097471,0.000595535824946515,0.000159440975304759,2.48891022647185e-05,1.4442828401096e-06
2008,"male","immature",0.0389441576122675,0.0676527330763702,0.0372151791063887,0.0474740719012458,0.0492469116466703,0.0900680328307539,0.112672360977759,0.124730478794624,0.129251273475969,0.112971010604143,0.0636245065057761,0.0419046844305203,0.0300573276891746,0.0239005821709536,0.0147928039499019,0.00847251626714826,0.00355993551026091,0.00214715210397806,0.000842391772686002,0.000334875993664218,9.99645912291693e-05,3.70489885166726e-05
2009,"male","immature",0.0489160370950067,0.0846578678474741,0.148989093713808,0.117813619813656,0.148179029924204,0.0915984229420382,0.0647926373085133,0.0527999313488639,0.0365686866833982,0.0387945522528374,0.0350944551161674,0.0310828295294571,0.031738793266097,0.0299118683159834,0.0213154701165485,0.00924192228707959,0.00375590727253239,0.00202025844409369,0.00145000177660825,0.000961445709324326,0.000243113614315926,7.40556219923952e-05
2010,"male","immature",0.0407028622927729,0.0696076911119176,0.0747540280155397,0.194578560281721,0.301243650189374,0.159645175531044,0.0667085851882468,0.0388386392864806,0.0165517308375358,0.00710096454371301,0.00540154167149603,0.00420390552703099,0.00437900975058471,0.00543534656892003,0.00461219145652671,0.00254132841724992,0.00120657108752176,0.00103720407982803,0.000841906519004363,0.000445787870018685,0.000128843708190553,3.44760652829407e-05
2011,"male","immature",0.0547137036096118,0.0594269055321128,0.0739367262505,0.12155059115033,0.130741261056182,0.139244873025257,0.141543459377065,0.116097711488254,0.0617364282485269,0.0312427303342974,0.0276518737248318,0.0167256963354115,0.00898839468534077,0.00557991123007449,0.00421074958373988,0.00215111539685904,0.00148670591931456,0.00105663835804323,0.00101837405720445,0.000648767507332086,0.000178323170660817,6.90599590499826e-05
2012,"male","immature",0.0207589817621519,0.0730075997243137,0.161064492597195,0.133173910888905,0.0862971345042121,0.0888818484888951,0.110803261896876,0.1121984589366,0.0746603805578799,0.0458171640119562,0.0313331219819732,0.0268981830379898,0.015630847477495,0.00760168869044759,0.00652660611563616,0.00324540662311786,0.00115399596728175,0.00051440244078301,0.000250588224494751,0.000111721178304534,5.12110535015063e-05,1.89938399905554e-05
2013,"male","immature",0.0198342420620777,0.086600662417339,0.112123984053499,0.101471654227356,0.143006093200653,0.122324689711335,0.103649684083588,0.069744778335986,0.0449861051328388,0.0436763720048517,0.0445707586580193,0.0425940907912284,0.0289949104980051,0.0130529269529318,0.0108370552763416,0.00638480428366883,0.00312594913744977,0.00160254557011849,0.000899496813305993,0.000397391348784072,9.75063696510502e-05,2.42990709730926e-05
2014,"male","immature",0.0194805414521371,0.0921557645704507,0.038231688076382,0.1051030336241,0.210749233329969,0.105395706530892,0.100711751744676,0.109301135670372,0.070262104613158,0.0439677816030978,0.0294198952040428,0.0202689447263217,0.0149403115064413,0.0131473299573389,0.0123012733096055,0.00802237836183509,0.00395738789044522,0.0014183814342842,0.000787198283966917,0.000285762568884696,7.48987986357025e-05,1.74967429625951e-05
2015,"male","immature",0.0619039693908008,0.187151596344493,0.24716114528913,0.168310076996775,0.0869003974972637,0.0630978768077548,0.0563592015008362,0.0438667874135382,0.0287261340171668,0.0168621225926701,0.0120756413071292,0.0113700745108701,0.00614897481355268,0.00433474046829231,0.00282712472321037,0.00119322413793284,0.000564240524711696,0.00028744108432341,0.000367312129338731,0.000305550845141954,0.000136381859481689,4.99857455858586e-05
2016,"male","immature",0.0168876485843322,0.17129244731749,0.231534142718717,0.229221688650252,0.176947149401606,0.0839950136245675,0.0360188413940913,0.0215898586437149,0.00957099830377658,0.00585382049003233,0.0058848994580901,0.00472263582651198,0.00321064936952765,0.00162112591655425,0.000821982419433356,0.000464407999803282,0.000192749116898271,8.95145538749093e-05,4.68770107967131e-05,1.69645204791266e-05,9.48682977778718e-06,7.09784967287933e-06
2017,"male","immature",0.0183517282820891,0.0764700625901575,0.127039520847014,0.2935834837172,0.193485035894701,0.103121255103169,0.0801594675551778,0.0505339554695961,0.0230434372995332,0.014383725842314,0.0102231389269369,0.00509440914454524,0.00235927323079817,0.000843446543451486,0.000762398649601941,0.000358040209531477,0.000125164544478821,4.4415505847099e-05,1.27626965796778e-05,4.31133019929862e-06,8.47734351530737e-07,1.18882725936473e-07
2018,"male","immature",0.00390441294672794,0.00340696279019266,0.0401583199925729,0.14346450780938,0.193023962078812,0.237076179195205,0.164829714247149,0.0935954088426476,0.0489024183385007,0.0258956997196153,0.0170097988145407,0.0123552983996193,0.00736596170436252,0.0053962743115439,0.00242217129868609,0.000910758013400996,0.000211721044967052,5.34299232620009e-05,1.23405631441224e-05,3.11698472640117e-06,1.24504448635944e-06,2.97936456890051e-07
2019,"male","immature",0.000609418292320767,0.000472830995168649,0.000556012624559624,0.00992979373413196,0.0644548320832385,0.114142922035141,0.118737421739887,0.154418578120692,0.151324988648375,0.135785843983294,0.106010378334312,0.0661623925574195,0.0380837518892471,0.0246196850964934,0.00973304200775195,0.0030279157429462,0.0011652112691989,0.000478899917511003,0.000206684801031981,4.14112441559839e-05,3.77906085248937e-05,1.94274598245992e-07
2021,"male","immature",0.027077539743062,0.0252020339315031,0.0261511585028816,0.0155372823305222,0.024302044122125,0.0209235950192871,0.0258315022105827,0.0353265906204455,0.0450458345158379,0.0876969533479297,0.145101087559945,0.190377899358982,0.170142877818948,0.106716788330734,0.0401492474457601,0.0113508777713956,0.00224244516316036,0.000597817517414966,0.000203013337504914,2.11550218706505e-05,1.80647891967827e-06,4.49851187446888e-07
2022,"male","immature",0.0635050047371485,0.118769722299862,0.097601220292751,0.221885720461953,0.215773586714025,0.117631665182481,0.0597536844001751,0.0350198971862148,0.0170221184744824,0.0142355643036542,0.0112909154581149,0.0087305641728505,0.00761883798901743,0.00498878524930701,0.00336083058989605,0.00156351925621182,0.000791875132963739,0.000312843409257624,0.000114056131963795,2.52688127982887e-05,4.06505244007624e-06,2.54692433021356e-07
2023,"male","immature",0.0693575564109982,0.175074116475178,0.310554455190377,0.130652968268464,0.0887955313335246,0.0867224776201644,0.06360938386164,0.0407522948802551,0.0141556696451094,0.00672959601587364,0.003578068532777,0.00257307892522136,0.00205465447799703,0.00238331579408142,0.00162464486423954,0.000724953136159942,0.000353437881794874,0.000187965218191848,8.32896662384645e-05,2.61196750576958e-05,5.54796570383604e-06,8.74160952152613e-07
2024,"male","immature",0.0191753116591737,0.105238119490822,0.135661282896219,0.150780826893085,0.185480405708126,0.155654188585324,0.0843061384003789,0.0676102597062229,0.039028030110653,0.021881780045116,0.0160388663455318,0.00945084540559857,0.00497843358727819,0.00258130597119406,0.00120666743063677,0.000443924501762329,0.000203439959419292,0.000140459035310636,0.000106510594724835,2.77443991196264e-05,5.36882217360187e-06,9.04521308191026e-08
2025,"male","immature",0.00924645094831228,0.0205040269604334,0.0481844206422579,0.132897132807278,0.187404145773355,0.146723648816732,0.132616111150129,0.116893408057987,0.0989931333829465,0.0415344852350647,0.0224699158744647,0.0222022209891692,0.0111155231377891,0.00504812898925282,0.00240814443414436,0.00116969870200888,0.000352213932497179,0.000161482429780948,4.59858761338798e-05,1.87997615914958e-05,2.319240774823e-06,8.60285789721549e-06
2026,"male","immature",0.00337463509814903,0.0158982914989152,0.0513842075082859,0.0613147780214338,0.0769819381316357,0.156551839491937,0.196571455404638,0.169588127458314,0.0978585386718221,0.0614073911841206,0.0431098994834953,0.0334918096847512,0.0193105196528857,0.00828856016206443,0.0029338537497879,0.00124247969527237,0.000419766683322114,0.00021489686109288,3.19632427898979e-05,1.88252080097456e-05,6.14297541801667e-06,8.01318599706777e-08
1982,"female","mature",0,0,0.00116291318419819,0.012860966668421,0.131686932922605,0.393267640373164,0.266256871006817,0.123635084393457,0.0577852724544935,0.0114852620824418,0.00173893856381014,9.28691235912887e-05,2.72492270016404e-05,0,0,0,0,0,0,0,0,0
1983,"female","mature",0,0,0.000682847642516629,0.0206935338326935,0.205637299323064,0.427395681525676,0.227199220519099,0.0841919551204413,0.0270783706212201,0.00669716102023776,0.000364693607183982,5.92367878681401e-05,0,0,0,0,0,0,0,0,0,0
1984,"female","mature",0,0,0.00124253631353352,0.0237519904390688,0.189063685135719,0.359248628789527,0.251559862568739,0.117863832431748,0.0497838680838925,0.00490625694711842,0.00127763341263841,0.00121496748540861,8.67383926069051e-05,0,0,0,0,0,0,0,0,0
1985,"female","mature",0,0,0.00135080074859585,0.0175149102661476,0.141355072011232,0.458273652674089,0.284933801934324,0.0722999868832019,0.0200496946556187,0.00245872217848897,0.000667925454248611,0.0010954331940535,0,0,0,0,0,0,0,0,0,0
1986,"female","mature",0,0,0.000625198320968957,0.010214240359298,0.132911787779667,0.47519247000804,0.292513381089831,0.0669042309438457,0.020153120996321,0.000410848227574596,0.00107472227445398,0,0,0,0,0,0,0,0,0,0,0
1987,"female","mature",0,0,0.00113240750553577,0.0340658125382058,0.173311041909388,0.378923734889463,0.247832080957724,0.105029448173351,0.0514583673980913,0.00769324807269367,0.000363800531891331,0.000176060567758969,1.39974558972879e-05,0,0,0,0,0,0,0,0,0
1988,"female","mature",0,1.08121874747549e-05,0.00193594993054207,0.035983381592679,0.172358248623877,0.396960640502403,0.210770710747382,0.103940411570229,0.0519760346085744,0.0231857472254575,0.00235315413094071,0.000471428461155663,3.74462378447256e-05,9.70723922778756e-06,6.32694221266601e-06,0,0,0,0,0,0,0
1989,"female","mature",0,8.00866688216461e-05,0.000574438653984058,0.0547934971991959,0.248569572166239,0.371313825648588,0.177928298250569,0.0849481988521451,0.0454043283898766,0.0144443171560292,0.00168317683765729,0.000188373272636266,7.1886904258196e-05,0,0,0,0,0,0,0,0,0
1990,"female","mature",0,0,0.00156841203814671,0.0359996482712757,0.197227907390904,0.381332059803248,0.204663137397389,0.101613388164062,0.0580746177084446,0.0154239664365267,0.00347711739788595,0.000532513795147979,7.10870864396053e-05,1.61445105294443e-05,0,0,0,0,0,0,0,0
1991,"female","mature",0,0,0.00198694324312545,0.0288235840107283,0.236591900623843,0.397685926071845,0.191043745454249,0.0809978234387605,0.0470102474949111,0.0132912847835095,0.00228122847280587,0.000248667304173267,3.86491020487141e-05,0,0,0,0,0,0,0,0,0
1992,"female","mature",0,6.69174312068681e-05,0.0041665458237253,0.0590441357338745,0.197557266481291,0.304588781563904,0.221431542492367,0.115484656257824,0.0667487987156909,0.0242747456557627,0.00602165636792002,0.00050182278682038,9.05663312798869e-05,2.25643583331872e-05,0,0,0,0,0,0,0,0
1993,"female","mature",0,0.000145545174688859,0.00528276421104545,0.0804304618652822,0.299538454044647,0.355747649981737,0.142111493595937,0.0517339945466128,0.0418761289775071,0.0185175087061778,0.00432244327790687,0.000201082539632312,6.20458476666473e-05,3.04272311593511e-05,0,0,0,0,0,0,0,0
1994,"female","mature",0,0,0.00263299247691281,0.0924497496920511,0.257911058781882,0.274874033032105,0.20084032461921,0.117800274808358,0.0415431026056606,0.0100036995464631,0.00157891389393785,0.000243914115194683,7.81758902118714e-05,3.65404317020691e-05,7.22010631069533e-06,0,0,0,0,0,0,0
1995,"female","mature",0,0,0.00233399098464411,0.0648873076373007,0.281764064182078,0.368830598509777,0.186628290166426,0.0549269407641125,0.031527122511263,0.0085287084286995,0.000439335605148088,9.0546466243607e-05,3.43914738023341e-05,8.70327050515239e-06,0,0,0,0,0,0,0,0
1996,"female","mature",0,0,0.00474229711405402,0.107523189085689,0.332051377943871,0.330587831539414,0.152441001052562,0.05107114590928,0.0167967636324763,0.00412182197879673,0.000395503909065797,0.000228851943380029,4.02158914117498e-05,0,0,0,0,0,0,0,0,0
1997,"female","mature",0,0,0.00906436802205539,0.0802932856616561,0.29244286541747,0.356261212736929,0.199262851357197,0.0465324019451652,0.0139583544300876,0.00133101481804094,0.00023127903663679,0.000609015962024903,1.33506127373763e-05,0,0,0,0,0,0,0,0,0
1998,"female","mature",0,0,0.00462729087734866,0.0803933460717937,0.293075198880727,0.364671269695139,0.187359546814674,0.0559799088914075,0.0102558164767521,0.00323123737337716,0.000336284815152497,7.0100103628724e-05,0,0,0,0,0,0,0,0,0,0
1999,"female","mature",0,0,0.00053739375355546,0.039821187180503,0.250507526315537,0.382940304802296,0.215444018349234,0.0765377934133413,0.0222944644948576,0.0104025900494786,0.00123774337515183,0.000276978266045633,0,0,0,0,0,0,0,0,0,0
2000,"female","mature",0,0,0.00141800425388002,0.0335433689698327,0.17383764977181,0.383561493449666,0.298764670278769,0.0752995984266528,0.0214259442377484,0.0116469182922443,0.00036787053938298,0.000117432000333427,1.70497796806579e-05,0,0,0,0,0,0,0,0,0
2001,"female","mature",0,0,0.0013020520976813,0.0133206752748608,0.108030790121928,0.38417175263424,0.34285977158368,0.104029755866026,0.036714430032551,0.00899168811524852,0.000500342120037138,7.87421537476673e-05,0,0,0,0,0,0,0,0,0,0
2002,"female","mature",0,0,6.56360604373538e-05,0.0106654754122857,0.168847892527978,0.42656915554318,0.233325834071205,0.107329228870948,0.0451579396596363,0.00674432602743231,0.000583033947248125,0.000404294274786217,0.00010027954079587,0,5.17260160168001e-05,5.17260160168001e-05,0.0001034520320336,0,0,0,0,0
2003,"female","mature",0,8.77402954166095e-05,2.50808983336641e-05,0.0131282640174966,0.214580136128139,0.370636805946261,0.278015669547374,0.0801118853541346,0.0392191445782216,0.00343434025299172,0.000540366980306853,0.000180661419058616,3.99045822661901e-05,0,0,0,0,0,0,0,0,0
2004,"female","mature",0,0.00116691538918378,0.0408671634597869,0.0828070840179948,0.219135512589865,0.358686377996396,0.202941549223543,0.0675877794503095,0.0227905054666629,0.00272848926252938,0.000979904096910806,0.000234872000347776,5.61044345319477e-05,0,1.77426119388758e-05,0,0,0,0,0,0,0
2005,"female","mature",0,0,0.00197836644717506,0.0444536372179513,0.162448046047935,0.401983350431416,0.276423620699747,0.0794671645752745,0.0195570196895617,0.0114535471794366,0.00198174771052652,0.000213045652802053,4.04543481740349e-05,0,0,0,0,0,0,0,0,0
2006,"female","mature",0,0,0.000249789396311007,0.00602502990159047,0.0811675008620295,0.27064673487079,0.311338504492015,0.218773850306611,0.0835184000317664,0.0233725941680174,0.00342424582444312,0.0014833501464265,0,0,0,0,0,0,0,0,0,0
2007,"female","mature",0,0,0.000444779670975038,0.0396439944569438,0.137404231133322,0.320777197667344,0.240403315880011,0.111144180137402,0.0858599924943678,0.0545129923074303,0.00853274155635056,0.000973365449378512,0.000303209246474223,0,0,0,0,0,0,0,0,0
2008,"female","mature",0,0,0.000207653940969982,0.0529422527457547,0.110360481541705,0.282417934061639,0.209603187454733,0.183200999836051,0.120264141424059,0.0369646639705088,0.00348670892191359,0.000410203469052678,7.71410200234991e-05,0,4.06369476982422e-05,0,2.39946658919034e-05,0,0,0,0,0
2009,"female","mature",0,0,0.000214423357876979,0.0155568020412133,0.107695193807355,0.319233835910759,0.249832109647117,0.159214059603433,0.103083881732436,0.0371397408806063,0.007093290611544,0.000475320119083255,0.000388307645490943,3.60864367513748e-05,3.69482063350002e-05,0,0,0,0,0,0,0
2010,"female","mature",0,0,0.00492012662145627,0.143108997149853,0.177947004607589,0.354639745777485,0.206765178174192,0.07183259390391,0.0335739518776386,0.00655944873775996,0.000522253510726689,0.000105352246109523,2.53473932797915e-05,0,0,0,0,0,0,0,0,0
2011,"female","mature",0,2.97951358388991e-05,4.37665772518292e-05,0.0565983813435798,0.222951605933185,0.416020987517975,0.208040439502631,0.0653478843929853,0.0244744097986101,0.00593535722818753,0.000488564976889505,3.55233112509117e-05,1.86970144852195e-05,8.48072614544755e-06,6.1065409851202e-06,0,0,0,0,0,0,0
2012,"female","mature",0,9.09044988019071e-05,0.00478760152528346,0.0560997485039326,0.271413180267678,0.375718433981621,0.191343941841414,0.0525990354218733,0.0258586190577386,0.0153218113035704,0.0059972827077219,0.000607988749823841,6.09783313042017e-05,9.03922366201683e-05,0,1.00815726160236e-05,0,0,0,0,0,0
2013,"female","mature",1.21471574233202e-05,0.00353174207061453,0.00144354046610292,0.0641145313519635,0.227702664850093,0.378199827151813,0.171548194175463,0.0722650154904703,0.0435046582240906,0.029261994935782,0.00700023113561283,0.0011351780360954,0.000255786875750819,2.44880787245265e-05,0,0,0,0,0,0,0,0
2014,"female","mature",0,0,0.00126330660546751,0.0678866490596413,0.189616439112758,0.327382370724053,0.202637702009964,0.0720682204029212,0.0682120779909201,0.0545294820295419,0.0141048994899527,0.00135109718644628,0.000809000732466224,0.000107221543193764,0,3.15331126740069e-05,0,0,0,0,0,0
2015,"female","mature",0,0,0.000864940185747691,0.0342120377533174,0.154162804789915,0.318311641997973,0.223860472344266,0.0994917349519438,0.0780994893989944,0.0677455483961266,0.019725531589938,0.0032566880047289,0.000269110587049447,0,0,0,0,0,0,0,0,0
2016,"female","mature",0,0,0.000217215857286679,0.0642432508339797,0.139540262088752,0.335904822815162,0.212312644462236,0.102351689050121,0.0810254185693522,0.0495193644450965,0.0123240072469187,0.00202020282573358,0.000541121805362125,0,0,0,0,0,0,0,0,0
2017,"female","mature",0,0,0.0212411132361765,0.167362047644879,0.252785159820636,0.31249184519693,0.165704726250092,0.0498042037721989,0.0229638249776282,0.00531832707806738,0.00129068866423653,0.000114691958316252,1.33129730929281e-05,0.000910058427746359,0,0,0,0,0,0,0,0
2018,"female","mature",5.06362000495977e-05,8.18588062234e-06,0.00301848475515792,0.105738076364176,0.339761258392584,0.358508502774872,0.128451141114114,0.0434253427581932,0.0186004757745285,0.00191381587840041,0.000419979718188204,3.61950053946076e-05,0,6.79053837189061e-05,0,0,0,0,0,0,0,0
2019,"female","mature",0,0.000332929341533035,0.00261977359804219,0.0491360921252193,0.260424974175659,0.433793590860845,0.175932986951227,0.0520446434858498,0.0202684447404368,0.00522998045805521,0.00021658426313333,0,0,0,0,0,0,0,0,0,0,0
2021,"female","mature",0,0.00286242719771546,0.00241617506272162,0.0528870919068766,0.307795553848609,0.457761113842071,0.132358988838018,0.0387541836955023,0.00278772234623621,0.00205207263393708,4.99584183017394e-05,0.000137048668908055,4.52033890286422e-05,0,9.2460152074185e-05,0,0,0,0,0,0,0
2022,"female","mature",0,0,0.0044381063998507,0.0789654294678916,0.243403258032755,0.405349954665988,0.198040702857488,0.0456108442786888,0.0238939554661496,0,0.000239402567670976,0,0,5.8346263517803e-05,0,0,0,0,0,0,0,0
2023,"female","mature",0,0,0.00508233349238098,0.0519115592737279,0.25219574972592,0.487098132573688,0.137763272435626,0.0452518052465676,0.0138497294132743,0.00380543973192819,0.000228274747087559,0.0027231530044414,0,0,0,9.05503553572267e-05,0,0,0,0,0,0
2024,"female","mature",0,0,0.00131946823346362,0.067453372826395,0.296273165400841,0.355473627384984,0.171021320042783,0.0753272570803632,0.0187828060710287,0.00727038736682386,0.0054038492568826,0.00104413223059746,0.000630614105837514,0,0,0,0,0,0,0,0,0
2025,"female","mature",0,0,0.00388515417294795,0.0417194936304035,0.136525475349461,0.285777552414904,0.241089642580925,0.0920844563413855,0.0996868469352004,0.0773477625752641,0.0189500285378493,0.00221908118950175,0.000595568309950575,3.86054238520695e-05,8.03325383559169e-05,0,0,0,0,0,0,0
2026,"female","mature",0,2.10057023687916e-05,0.00240635996151179,0.0286581414488716,0.122741579300714,0.296425476507929,0.286149265272296,0.129291926123746,0.0646242526769698,0.0614563694332007,0.00749933327551016,0.000720212126066028,6.07817081609774e-06,0,0,0,0,0,0,0,0,0
1982,"female","immature",0.0173191872406262,0.0459024438382681,0.00639463066124461,0.0398637494725489,0.15563749543215,0.477933164237735,0.19598294054287,0.0471979917021218,0.0114441608261785,0.00190633321532197,0,0.000417902830935376,0,0,0,0,0,0,0,0,0,0
1983,"female","immature",0.330811624487805,0.243400865334163,0.0310048733166137,0.02590334823156,0.180423855328044,0.154574257329815,0.0275005529000273,0.00595049900621628,0.000430124065755905,0,0,0,0,0,0,0,0,0,0,0,0,0
1984,"female","immature",0.0685352456200707,0.11871482794858,0.0882312482851323,0.245327649637124,0.37196849790546,0.0916481633558689,0.0135064934774967,0.00182937484747226,5.92784599401427e-05,0.000179220462855579,0,0,0,0,0,0,0,0,0,0,0,0
1985,"female","immature",0.0567330819424627,0.162645171758722,0.15519939100145,0.34290816732942,0.170237114500992,0.0833270455290945,0.0244568213146484,0.00408917472255515,0.000404031900655496,0,0,0,0,0,0,0,0,0,0,0,0,0
1986,"female","immature",0.017133013012613,0.101898940149792,0.136252746201738,0.307883832205121,0.230728780397262,0.112328975327048,0.0773734184389076,0.0137933978191765,0.00175001616462594,0.000856880283716218,0,0,0,0,0,0,0,0,0,0,0,0
1987,"female","immature",0.00485465590629539,0.00785907030751923,0.0936223113241079,0.277556292033591,0.311179783506618,0.162126379652997,0.106287592726758,0.0314154111916295,0.00471136090426053,0.000332090576090605,5.50518701321411e-05,0,0,0,0,0,0,0,0,0,0,0
1988,"female","immature",0.00869528087829305,0.0650018700129275,0.114937495292253,0.239829636013143,0.272593175674389,0.164080559072737,0.0967549502575152,0.0327965589164317,0.00487962400666982,0.000384088974840971,4.67609007997525e-05,0,0,0,0,0,0,0,0,0,0,0
1989,"female","immature",0.00181008905407867,0.0132032237381352,0.0451769541999069,0.237027348239353,0.274703776858976,0.192781276175077,0.161401604469805,0.0596833756637112,0.0113698526853892,0.00165989530109523,0.000944042011296649,0.000238561603176505,0,0,0,0,0,0,0,0,0,0
1990,"female","immature",0.00262966982930265,0.0523641405113003,0.235301338087732,0.115255841647143,0.226122033045122,0.162893956693226,0.133331303756086,0.0557352378318777,0.00553884462369277,0.00735029826128659,0.00347733571323137,0,0,0,0,0,0,0,0,0,0,0
1991,"female","immature",0.0823680223586344,0.0903315883254415,0.0786090564712613,0.190637092325479,0.284483212860357,0.153466404719199,0.079799305881404,0.0358026826276335,0.00402168286706437,0.000480951563526308,0,0,0,0,0,0,0,0,0,0,0,0
1992,"female","immature",0.0511284893604805,0.112620826819005,0.172922926966955,0.303613207626196,0.23594677081516,0.0586458322583761,0.0448926358894872,0.0176830830526403,0.00235560017237824,0.000112861279224959,7.77657600960889e-05,0,0,0,0,0,0,0,0,0,0,0
1993,"female","immature",0.0596896743255969,0.121355423892717,0.181588663766068,0.310149990763951,0.243882287199526,0.0652495875496293,0.0147702075397614,0.00302447365834328,0.000212442464880561,7.72488395273699e-05,0,0,0,0,0,0,0,0,0,0,0,0
1994,"female","immature",0.0620977233439046,0.107070449697061,0.224425600717608,0.333474355656538,0.187269930945278,0.0560686430581169,0.021650011885111,0.00666604848231789,0.00112686044921064,0.000150375764853504,0,0,0,0,0,0,0,0,0,0,0,0
1995,"female","immature",0.00813263872433173,0.0692898817146184,0.179671560109675,0.243331380749558,0.334563062336693,0.142758343297367,0.0189391962014507,0.00228437490839465,0.000665739138161285,0.000231212637921386,0.000132610181829622,0,0,0,0,0,0,0,0,0,0,0
1996,"female","immature",0.00325064452952934,0.0163228829590549,0.0473679174714069,0.224421613741045,0.421568299102697,0.230567474265407,0.0513984735160638,0.00398038312926359,0.00104618830071062,7.61229848217434e-05,0,0,0,0,0,0,0,0,0,0,0,0
1997,"female","immature",0.00675763191321033,0.0157353920222141,0.03226448744979,0.127331120701494,0.487566942689121,0.25750970865716,0.0679881322463701,0.00376213897419902,0.0010844453464417,0,0,0,0,0,0,0,0,0,0,0,0,0
1998,"female","immature",0.0298829853683216,0.0215574069103316,0.0240612399835878,0.145468486285122,0.32449060192593,0.233747649196154,0.16586747658475,0.0543579413919052,0.000392584120905541,0.000173628232990918,0,0,0,0,0,0,0,0,0,0,0,0
1999,"female","immature",0.0559206811520335,0.195937284026477,0.116013811571504,0.153544935398497,0.200534953902191,0.114616872516387,0.0697949218183684,0.0614827855126405,0.0249530848091142,0.00660776037920666,0.000592908913580903,0,0,0,0,0,0,0,0,0,0,0
2000,"female","immature",0.0337601391172177,0.0834282161235881,0.121808498276981,0.267452620307104,0.240659061515682,0.171922318741323,0.0635155972972563,0.0145627553872893,0.00193220108509254,0.00079625981527381,0.00016233233319208,0,0,0,0,0,0,0,0,0,0,0
2001,"female","immature",0.00903406712935836,0.0262393591349521,0.100114011979768,0.3487196055482,0.120038927526835,0.193718614875372,0.168680206489578,0.0271261468419102,0.00613279473850685,0.000196265735519661,0,0,0,0,0,0,0,0,0,0,0,0
2002,"female","immature",0.0138884026930127,0.0746972412742952,0.0622622377792718,0.218056011987375,0.208970123943053,0.258556722175849,0.152369408206721,0.0105102176573137,0.000689634283109309,0,0,0,0,0,0,0,0,0,0,0,0,0
2003,"female","immature",0.0573586667743219,0.107322896239254,0.128776417494365,0.19540554700397,0.287464031070708,0.139697299244641,0.0714819019280182,0.0107873791589082,0.00146961683876404,0.000236244247050738,0,0,0,0,0,0,0,0,0,0,0,0
2004,"female","immature",0.0199941134562633,0.175518865426566,0.446392977670321,0.171085650468456,0.137315582824073,0.0388886173936525,0.00894416858689919,0.0012346497580648,0.000435791106054179,0.000189583309649962,0,0,0,0,0,0,0,0,0,0,0,0
2005,"female","immature",0.00728561533481798,0.0451666105111725,0.0555860968597798,0.222990832330899,0.306175446674582,0.271715626042939,0.065173084146688,0.0232275033010238,0.00261020575175902,6.89790463393829e-05,0,0,0,0,0,0,0,0,0,0,0,0
2006,"female","immature",0.0171860335687493,0.0628235335639035,0.114471366391766,0.286770687864342,0.196145839450012,0.102692216550159,0.124824334879187,0.0842922926907015,0.00707551844512585,0.00247489763338158,0.00121019510671074,3.30838559613384e-05,0,0,0,0,0,0,0,0,0,0
2007,"female","immature",0.00343068883436846,0.0110668962160337,0.0358839500974965,0.063633054283658,0.253114071832663,0.378617605324416,0.201909834918391,0.0452778603801523,0.00521866434391138,0.00137106275809574,0.000340305742853162,0,0.000136005267960347,0,0,0,0,0,0,0,0,0
2008,"female","immature",0.0772670079135526,0.14680541848895,0.0740544510026862,0.146096294074485,0.162886471405571,0.197155713109393,0.145446037302331,0.0377446534059608,0.0112751987482052,0.000901434042754888,0.000241911970816815,0,0.000125408535292976,0,0,0,0,0,0,0,0,0
2009,"female","immature",0.0562004233072716,0.140614248456211,0.174662661728876,0.157152460022663,0.302148730878753,0.132152552375268,0.028513145253181,0.00735454485026212,0.000684552407167798,0.000378433999879888,0.000112947662863772,0,0,2.52990576018441e-05,0,0,0,0,0,0,0,0
2010,"female","immature",0.0308451645892779,0.0498995403836543,0.0670364767381902,0.346126496058697,0.426911751726252,0.0535014919579128,0.0202820389626355,0.00503469028273484,0.000278287315384159,5.97114069917919e-05,8.69144398545265e-06,1.56591342842638e-05,0,0,0,0,0,0,0,0,0,0
2011,"female","immature",0.0492450344962359,0.0886075661614353,0.0995253983707727,0.234765940330327,0.207272742844011,0.145827920646635,0.0809177829214195,0.0752506408541361,0.0164646732248371,0.00200624068526573,0.000101573719608201,1.44857453158364e-05,0,0,0,0,0,0,0,0,0,0
2012,"female","immature",0.0306860497586305,0.077823177912365,0.16876548489307,0.258312388768784,0.172790156844007,0.0737999002472586,0.081914788358258,0.0987835572326051,0.0325697730431852,0.00376740174205231,0.000271241124744521,0,0.000516080075039987,0,0,0,0,0,0,0,0,0
2013,"female","immature",0.0321228670990295,0.180335137807129,0.181723044338577,0.158389307132384,0.179756377438819,0.130805147511903,0.0964854595721556,0.0355040958052264,0.00385071268976155,0.000279128680611661,0.000580677847595938,2.74239151086235e-05,0.000140620161699511,0,0,0,0,0,0,0,0,0
2014,"female","immature",0.0337036216613277,0.0643021943357582,0.0431482103551065,0.191056545727071,0.322177520867112,0.204035773436382,0.0890711498997721,0.0518338239569318,0.000515246865563788,4.72202336630867e-05,9.71833631076907e-05,1.15092982043476e-05,0,0,0,0,0,0,0,0,0,0
2015,"female","immature",0.0370695409027766,0.172045260778456,0.287841969639995,0.251846428478317,0.156225802635541,0.059861098058741,0.0301030249867453,0.00348887337549998,1.72603602918642e-05,0.00146630742939784,1.14777847458077e-05,2.29555694916154e-05,0,0,0,0,0,0,0,0,0,0
2016,"female","immature",0.0267555380540037,0.133121526077207,0.230452405559965,0.303859700483745,0.215592257452039,0.0726134908393088,0.0165959307931036,0.000994154239300324,1.49965013268465e-05,0,0,0,0,0,0,0,0,0,0,0,0,0
2017,"female","immature",0.0164316598955645,0.124160051330353,0.124680251464454,0.447239276145925,0.224009036782613,0.0476789039105322,0.014353038471033,0.00125616327032188,0.000101445209578408,7.89018296720954e-05,1.12716899531565e-05,0,0,0,0,0,0,0,0,0,0,0
2018,"female","immature",0.00894548919124745,0.00775752537068695,0.0426175152372397,0.409860191452946,0.409056684899041,0.0994868409030143,0.0208914698880631,0.0012798726161692,1.79759271708346e-05,0,8.64345144223337e-05,0,0,0,0,0,0,0,0,0,0,0
2019,"female","immature",0.00564068171960664,0.00479269135056001,0.0106810010297106,0.0554751346949578,0.26481087444406,0.49855222977102,0.156546073198769,0.0032345864673358,0,0.00026672732397932,0,0,0,0,0,0,0,0,0,0,0,0
2021,"female","immature",0.28037940765973,0.272840759836818,0.115288646820079,0.090595969441996,0.0883535987573152,0.0766652391193137,0.0303768030730047,0.0341583942002829,0.00683371222894225,0.00450746886251885,0,0,0,0,0,0,0,0,0,0,0,0
2022,"female","immature",0.0316768131608752,0.118367742619459,0.0743812482166887,0.267442579764676,0.361378046387284,0.1321757117326,0.0139156991622221,0.000564243044320733,6.54603784533306e-05,3.24555334206491e-05,0,0,0,0,0,0,0,0,0,0,0,0
2023,"female","immature",0.0714387790104471,0.17913602497019,0.202774882069616,0.165579082796612,0.245122058992387,0.103789340707256,0.0207393142623057,0.00506042608108681,0.00449576881938489,0.00186432229071507,0,0,0,0,0,0,0,0,0,0,0,0
2024,"female","immature",0.0107373814835368,0.128727049883374,0.181135924440288,0.185618011025734,0.230198566981215,0.0778804420083542,0.0831299585381296,0.0883626328343207,0.011623739202031,0.00118826756050101,0.00131548422638142,8.2541816134346e-05,0,0,0,0,0,0,0,0,0,0
2025,"female","immature",0.00479892518126682,0.0147886123458694,0.0260115108501286,0.164494032801678,0.349333269814217,0.221935446948547,0.140168027629437,0.069498685507917,0.00851563696538917,0.000110645487761653,4.12850387838436e-05,0,0,1.37050110433057e-05,0.000290216417960754,0,0,0,0,0,0,0
2026,"female","immature",0.0230812019644021,0.0845686828120234,0.0678064223079375,0.149700642726069,0.190188145810476,0.245056526621847,0.207165217003278,0.0260333599671741,0.00488010264214099,0.00144634829588606,0,7.33498487656444e-05,0,0,0,0,0,0,0,0,0,0
