"mode","peel","Year","recruit_male"
"standard",0,1982,2320288.55320504
"standard",0,1983,2307184.60131515
"standard",0,1984,3885105.89198849
"standard",0,1985,4534435.62523569
"standard",0,1986,170904.54673946
"standard",0,1987,1419680.17967214
"standard",0,1988,526634.38768311
"standard",0,1989,853528.20747822
"standard",0,1990,3164479.74328229
"standard",0,1991,4601459.45672782
"standard",0,1992,107470.43983333
"standard",0,1993,112149.93286067
"standard",0,1994,444049.43834549
"standard",0,1995,255920.85304414
"standard",0,1996,354268.32588806
"standard",0,1997,247931.88337368
"standard",0,1998,486519.61959171
"standard",0,1999,341405.80911963
"standard",0,2000,34513.23537947
"standard",0,2001,1432615.46355229
"standard",0,2002,975131.69064064
"standard",0,2003,543922.84020441
"standard",0,2004,2059437.46505326
"standard",0,2005,478557.76901221
"standard",0,2006,450063.34865692
"standard",0,2007,929887.20111465
"standard",0,2008,1424276.45215353
"standard",0,2009,155323.87486186
"standard",0,2010,405463.20163315
"standard",0,2011,120814.59232118
"standard",0,2012,826129.14727945
"standard",0,2013,1232607.92844046
"standard",0,2014,4392201.76314341
"standard",0,2015,7397189.68871444
"standard",0,2016,425559.79439776
"standard",0,2017,1241051.29386583
"standard",0,2018,1756482.15297178
"standard",0,2019,2130586.69631707
"standard",1,1982,2407017.24167574
"standard",1,1983,2407030.57947193
"standard",1,1984,4022876.89493188
"standard",1,1985,4754877.29200314
"standard",1,1986,181787.32108873
"standard",1,1987,1474650.98330991
"standard",1,1988,551365.79915327
"standard",1,1989,892904.98073808
"standard",1,1990,3254568.55227198
"standard",1,1991,4821534.07751911
"standard",1,1992,117065.72190993
"standard",1,1993,119318.83347658
"standard",1,1994,459646.67636096
"standard",1,1995,269965.03160511
"standard",1,1996,366148.8742979
"standard",1,1997,260477.89674029
"standard",1,1998,501107.42345421
"standard",1,1999,361513.02954707
"standard",1,2000,37236.60179253
"standard",1,2001,1477398.78026206
"standard",1,2002,1023751.44336726
"standard",1,2003,564646.86710314
"standard",1,2004,2126012.60327481
"standard",1,2005,515567.32406686
"standard",1,2006,474582.08967645
"standard",1,2007,956526.9367352
"standard",1,2008,1485970.52721543
"standard",1,2009,165802.96631206
"standard",1,2010,421935.52548847
"standard",1,2011,127074.95581321
"standard",1,2012,853362.97189278
"standard",1,2013,1266336.30129071
"standard",1,2014,4638236.65259971
"standard",1,2015,7424016.42818464
"standard",1,2016,444001.34955757
"standard",1,2017,1229824.11965675
"standard",1,2018,1675909.40962895
"standard",2,1982,2401141.30858258
"standard",2,1983,2416082.60061032
"standard",2,1984,4050217.48745065
"standard",2,1985,4752796.56230647
"standard",2,1986,184398.76037713
"standard",2,1987,1471593.09410471
"standard",2,1988,552645.43540415
"standard",2,1989,894904.71220715
"standard",2,1990,3269815.08409009
"standard",2,1991,4813086.74396777
"standard",2,1992,117760.60467273
"standard",2,1993,118970.07634016
"standard",2,1994,455186.33263882
"standard",2,1995,284849.02607396
"standard",2,1996,355748.0737209
"standard",2,1997,264917.51983409
"standard",2,1998,496261.11947319
"standard",2,1999,367312.99435767
"standard",2,2000,38770.9122354
"standard",2,2001,1476832.16426637
"standard",2,2002,1026331.79548842
"standard",2,2003,556325.82429798
"standard",2,2004,2128973.32388136
"standard",2,2005,510699.3069878
"standard",2,2006,502667.24925508
"standard",2,2007,941206.19926912
"standard",2,2008,1489638.14637397
"standard",2,2009,160035.30664408
"standard",2,2010,425132.77517823
"standard",2,2011,141205.33081696
"standard",2,2012,747304.68735893
"standard",2,2013,1203653.6604572
"standard",2,2014,3854735.71454316
"standard",2,2015,6306115.98661008
"standard",2,2016,1166986.77597878
"standard",2,2017,1375605.86824479
"standard",3,1982,1945344.65195696
"standard",3,1983,1934825.16798969
"standard",3,1984,3392272.07417495
"standard",3,1985,3689083.108603
"standard",3,1986,151872.32186294
"standard",3,1987,1208157.39405879
"standard",3,1988,428182.1758322
"standard",3,1989,714193.99868666
"standard",3,1990,2839965.11675359
"standard",3,1991,3732331.37652217
"standard",3,1992,94865.54420515
"standard",3,1993,104111.15089235
"standard",3,1994,380182.36923146
"standard",3,1995,176980.71302477
"standard",3,1996,355506.40766116
"standard",3,1997,147965.86370045
"standard",3,1998,471018.63085445
"standard",3,1999,250924.27918023
"standard",3,2000,31393.9387493
"standard",3,2001,1275645.4809861
"standard",3,2002,755396.35042849
"standard",3,2003,531018.21146402
"standard",3,2004,1753465.91269558
"standard",3,2005,333616.31395478
"standard",3,2006,399060.226426
"standard",3,2007,796675.64895539
"standard",3,2008,1185350.35067059
"standard",3,2009,99932.79928816
"standard",3,2010,379126.39826563
"standard",3,2011,522028.92089512
"standard",3,2012,577824.42167271
"standard",3,2013,839914.55823324
"standard",3,2014,2914895.10273522
"standard",3,2015,3165065.47299112
"standard",3,2016,1964328.64325402
"standard",4,1982,2075082.22899747
"standard",4,1983,2063948.85001125
"standard",4,1984,3551866.35732459
"standard",4,1985,4002384.40726257
"standard",4,1986,171189.95766674
"standard",4,1987,1258636.04368229
"standard",4,1988,496649.30746802
"standard",4,1989,724183.09181557
"standard",4,1990,2992312.9467623
"standard",4,1991,4025434.33389284
"standard",4,1992,109996.72080446
"standard",4,1993,117144.05683243
"standard",4,1994,396791.26797574
"standard",4,1995,199175.71298501
"standard",4,1996,361042.96247375
"standard",4,1997,185766.01410292
"standard",4,1998,475907.62569905
"standard",4,1999,287627.57889515
"standard",4,2000,37436.82523341
"standard",4,2001,1311349.88532441
"standard",4,2002,864209.22652399
"standard",4,2003,527359.03820067
"standard",4,2004,1875332.61639844
"standard",4,2005,362254.14774503
"standard",4,2006,423509.19521004
"standard",4,2007,845063.5729074
"standard",4,2008,1263043.33233702
"standard",4,2009,130084.99749923
"standard",4,2010,559409.05409238
"standard",4,2011,673132.37687942
"standard",4,2012,462912.86045407
"standard",4,2013,1163749.14695301
"standard",4,2014,3725279.44546414
"standard",4,2015,4157876.59033115
"standard",5,1982,1817688.24538546
"standard",5,1983,1822030.9487757
"standard",5,1984,3204577.53387813
"standard",5,1985,3517868.31499644
"standard",5,1986,139425.19652419
"standard",5,1987,1141199.86998293
"standard",5,1988,424012.48392582
"standard",5,1989,643321.56294735
"standard",5,1990,2747616.03790385
"standard",5,1991,3543092.25253537
"standard",5,1992,85101.86495492
"standard",5,1993,90546.10987314
"standard",5,1994,370508.34392933
"standard",5,1995,175859.94125974
"standard",5,1996,301743.71491397
"standard",5,1997,192798.1120895
"standard",5,1998,405835.23643043
"standard",5,1999,255319.31072026
"standard",5,2000,28299.02490779
"standard",5,2001,1211976.60488751
"standard",5,2002,730595.98564164
"standard",5,2003,510108.58502531
"standard",5,2004,1601265.74340476
"standard",5,2005,376530.11222472
"standard",5,2006,364581.25040987
"standard",5,2007,716969.64539786
"standard",5,2008,1314205.80803942
"standard",5,2009,422824.44922578
"standard",5,2010,698811.4845815
"standard",5,2011,691090.69791009
"standard",5,2012,904353.83205081
"standard",5,2013,1365525.96115066
"standard",5,2014,4580214.97094063
"standard",6,1982,1793790.58608279
"standard",6,1983,1830795.0497712
"standard",6,1984,3186350.56153745
"standard",6,1985,3517698.98010418
"standard",6,1986,142770.08707601
"standard",6,1987,1123682.66439939
"standard",6,1988,443812.31039083
"standard",6,1989,613929.25016998
"standard",6,1990,2767602.15787472
"standard",6,1991,3557680.77570453
"standard",6,1992,82292.49582347
"standard",6,1993,80787.43179548
"standard",6,1994,381369.9307802
"standard",6,1995,176336.76161665
"standard",6,1996,278389.06171741
"standard",6,1997,214617.1208859
"standard",6,1998,378993.47667819
"standard",6,1999,266327.97023774
"standard",6,2000,28766.96092437
"standard",6,2001,1192935.22884911
"standard",6,2002,771521.45470502
"standard",6,2003,460097.57113506
"standard",6,2004,1514532.73910325
"standard",6,2005,479930.50677661
"standard",6,2006,357830.94098722
"standard",6,2007,726130.47825265
"standard",6,2008,2127247.8488558
"standard",6,2009,591461.29901244
"standard",6,2010,1084895.20167569
"standard",6,2011,1472817.85911183
"standard",6,2012,1244830.89553213
"standard",6,2013,1444577.80970739
"standard",7,1982,1749551.89212274
"standard",7,1983,1763515.26257466
"standard",7,1984,3101645.85183554
"standard",7,1985,3428947.73568856
"standard",7,1986,141072.95968711
"standard",7,1987,1094580.18864602
"standard",7,1988,431210.02179624
"standard",7,1989,598502.24634845
"standard",7,1990,2667535.11143279
"standard",7,1991,3473906.33155525
"standard",7,1992,79865.68317572
"standard",7,1993,76715.38869235
"standard",7,1994,367925.65226764
"standard",7,1995,174315.22344202
"standard",7,1996,269480.99700658
"standard",7,1997,209222.53276936
"standard",7,1998,358983.68462983
"standard",7,1999,261806.80303949
"standard",7,2000,27859.49925513
"standard",7,2001,1151653.5001943
"standard",7,2002,754518.80205596
"standard",7,2003,427185.08300476
"standard",7,2004,1482465.17094852
"standard",7,2005,468410.30819336
"standard",7,2006,414621.75888847
"standard",7,2007,1189801.55904215
"standard",7,2008,1999818.62406269
"standard",7,2009,695029.53820199
"standard",7,2010,1177400.49917212
"standard",7,2011,1673394.01936392
"standard",7,2012,1943688.56852463
"standard",8,1982,1888426.01591585
"standard",8,1983,1894242.95422122
"standard",8,1984,3282956.86330159
"standard",8,1985,3729333.10796153
"standard",8,1986,158831.7643897
"standard",8,1987,1173795.41330308
"standard",8,1988,461538.06272294
"standard",8,1989,649255.7038606
"standard",8,1990,2786549.46158276
"standard",8,1991,3794528.36904873
"standard",8,1992,87630.58793203
"standard",8,1993,79957.04192759
"standard",8,1994,396012.54408294
"standard",8,1995,188128.24665201
"standard",8,1996,286337.63655659
"standard",8,1997,228058.23177327
"standard",8,1998,370673.60551423
"standard",8,1999,292834.28911112
"standard",8,2000,30075.25900277
"standard",8,2001,1213371.3227147
"standard",8,2002,837863.64944634
"standard",8,2003,420407.82983939
"standard",8,2004,1596266.08936647
"standard",8,2005,533200.37427724
"standard",8,2006,441608.06283455
"standard",8,2007,1546688.93244366
"standard",8,2008,2640273.27427335
"standard",8,2009,1085713.86976498
"standard",8,2010,1882635.69392716
"standard",8,2011,3169275.63308228
"standard",9,1982,1979591.96410772
"standard",9,1983,1997635.92734284
"standard",9,1984,3416350.34497192
"standard",9,1985,3991788.58645685
"standard",9,1986,165656.32374179
"standard",9,1987,1237596.704669
"standard",9,1988,496732.56522842
"standard",9,1989,679183.15117411
"standard",9,1990,2891079.08664037
"standard",9,1991,4051106.71384889
"standard",9,1992,97767.87733156
"standard",9,1993,88902.71054003
"standard",9,1994,414673.55894263
"standard",9,1995,198334.23551722
"standard",9,1996,301855.61338458
"standard",9,1997,244192.70248553
"standard",9,1998,388003.05147887
"standard",9,1999,313813.1186737
"standard",9,2000,31430.40346384
"standard",9,2001,1269518.03203363
"standard",9,2002,877631.62507644
"standard",9,2003,484285.63156456
"standard",9,2004,1406789.64471623
"standard",9,2005,344426.52508259
"standard",9,2006,471197.79371339
"standard",9,2007,1580781.82040767
"standard",9,2008,2671327.6757503
"standard",9,2009,1385193.04460539
"standard",9,2010,2329113.66175816
"standard",10,1982,1807421.28856109
"standard",10,1983,1837391.35978058
"standard",10,1984,3188342.53303638
"standard",10,1985,3673335.83186399
"standard",10,1986,149747.86995603
"standard",10,1987,1147389.45479764
"standard",10,1988,462600.73304223
"standard",10,1989,608682.24082337
"standard",10,1990,2721664.51824301
"standard",10,1991,3716969.32295065
"standard",10,1992,85090.12737101
"standard",10,1993,83753.83094904
"standard",10,1994,357930.01265027
"standard",10,1995,230475.20773872
"standard",10,1996,233005.64237072
"standard",10,1997,248133.01147084
"standard",10,1998,342707.47122192
"standard",10,1999,294553.05341595
"standard",10,2000,26386.98338122
"standard",10,2001,1173195.30491059
"standard",10,2002,797597.88671563
"standard",10,2003,465097.03311621
"standard",10,2004,1077124.37500379
"standard",10,2005,437748.14965633
"standard",10,2006,360946.38554398
"standard",10,2007,1351379.63497478
"standard",10,2008,2676658.50148487
"standard",10,2009,1925734.73498423
"drop_survey",0,1982,2320288.55320504
"drop_survey",0,1983,2307184.60131515
"drop_survey",0,1984,3885105.89198849
"drop_survey",0,1985,4534435.62523569
"drop_survey",0,1986,170904.54673946
"drop_survey",0,1987,1419680.17967214
"drop_survey",0,1988,526634.38768311
"drop_survey",0,1989,853528.20747822
"drop_survey",0,1990,3164479.74328229
"drop_survey",0,1991,4601459.45672782
"drop_survey",0,1992,107470.43983333
"drop_survey",0,1993,112149.93286067
"drop_survey",0,1994,444049.43834549
"drop_survey",0,1995,255920.85304414
"drop_survey",0,1996,354268.32588806
"drop_survey",0,1997,247931.88337368
"drop_survey",0,1998,486519.61959171
"drop_survey",0,1999,341405.80911963
"drop_survey",0,2000,34513.23537947
"drop_survey",0,2001,1432615.46355229
"drop_survey",0,2002,975131.69064064
"drop_survey",0,2003,543922.84020441
"drop_survey",0,2004,2059437.46505326
"drop_survey",0,2005,478557.76901221
"drop_survey",0,2006,450063.34865692
"drop_survey",0,2007,929887.20111465
"drop_survey",0,2008,1424276.45215353
"drop_survey",0,2009,155323.87486186
"drop_survey",0,2010,405463.20163315
"drop_survey",0,2011,120814.59232118
"drop_survey",0,2012,826129.14727945
"drop_survey",0,2013,1232607.92844046
"drop_survey",0,2014,4392201.76314341
"drop_survey",0,2015,7397189.68871444
"drop_survey",0,2016,425559.79439776
"drop_survey",0,2017,1241051.29386583
"drop_survey",0,2018,1756482.15297178
"drop_survey",0,2019,2130586.69631707
"drop_survey",1,1982,2263970.80530091
"drop_survey",1,1983,2270710.37215267
"drop_survey",1,1984,3847624.62391259
"drop_survey",1,1985,4436900.23482484
"drop_survey",1,1986,171743.79352496
"drop_survey",1,1987,1391146.38516538
"drop_survey",1,1988,518136.23263956
"drop_survey",1,1989,839990.66151087
"drop_survey",1,1990,3128457.60244515
"drop_survey",1,1991,4495844.04485648
"drop_survey",1,1992,106673.21576132
"drop_survey",1,1993,109576.14350726
"drop_survey",1,1994,431701.88993917
"drop_survey",1,1995,263825.37648535
"drop_survey",1,1996,339641.85725275
"drop_survey",1,1997,246264.59588043
"drop_survey",1,1998,472968.44470974
"drop_survey",1,1999,338155.05365576
"drop_survey",1,2000,35657.00750631
"drop_survey",1,2001,1408648.07144194
"drop_survey",1,2002,953204.62836792
"drop_survey",1,2003,534257.60585993
"drop_survey",1,2004,2000811.70971834
"drop_survey",1,2005,483849.36765932
"drop_survey",1,2006,450181.75431503
"drop_survey",1,2007,911313.47111358
"drop_survey",1,2008,1395110.05646667
"drop_survey",1,2009,149971.32830057
"drop_survey",1,2010,398255.57249512
"drop_survey",1,2011,128705.95790382
"drop_survey",1,2012,736719.75848938
"drop_survey",1,2013,1112148.32205037
"drop_survey",1,2014,4076719.58347135
"drop_survey",1,2015,6739457.33910647
"drop_survey",1,2016,785145.02233547
"drop_survey",1,2017,1354284.0021422
"drop_survey",1,2018,1970411.81733766
"drop_survey",2,1982,2215102.21364215
"drop_survey",2,1983,2223348.73823402
"drop_survey",2,1984,3792483.27439265
"drop_survey",2,1985,4332015.73213371
"drop_survey",2,1986,172958.3535191
"drop_survey",2,1987,1371184.1347982
"drop_survey",2,1988,499438.49842376
"drop_survey",2,1989,820652.56206194
"drop_survey",2,1990,3111933.52347509
"drop_survey",2,1991,4361495.39657698
"drop_survey",2,1992,112201.52567401
"drop_survey",2,1993,119156.86920209
"drop_survey",2,1994,417104.13751593
"drop_survey",2,1995,249800.57884203
"drop_survey",2,1996,348290.74311133
"drop_survey",2,1997,227864.26648548
"drop_survey",2,1998,486139.40103115
"drop_survey",2,1999,316483.97892246
"drop_survey",2,2000,34331.24768846
"drop_survey",2,2001,1424458.90521325
"drop_survey",2,2002,882408.15657574
"drop_survey",2,2003,583153.43314383
"drop_survey",2,2004,1982244.38858655
"drop_survey",2,2005,431458.78822463
"drop_survey",2,2006,452181.24541542
"drop_survey",2,2007,892983.35950406
"drop_survey",2,2008,1345888.2122518
"drop_survey",2,2009,147770.78515873
"drop_survey",2,2010,391249.65712828
"drop_survey",2,2011,153832.00174109
"drop_survey",2,2012,530817.68915633
"drop_survey",2,2013,764079.86069772
"drop_survey",2,2014,2542519.68363931
"drop_survey",2,2015,2664408.51201917
"drop_survey",2,2016,1535222.05678172
"drop_survey",2,2017,2064151.94576863
"drop_survey",3,1982,2015525.26042018
"drop_survey",3,1983,2011948.67060862
"drop_survey",3,1984,3495192.63143228
"drop_survey",3,1985,3872154.57574099
"drop_survey",3,1986,157928.6067357
"drop_survey",3,1987,1244980.68285879
"drop_survey",3,1988,467326.21965328
"drop_survey",3,1989,715472.25939961
"drop_survey",3,1990,2938366.74423324
"drop_survey",3,1991,3905974.19890048
"drop_survey",3,1992,101938.67338376
"drop_survey",3,1993,112303.13809048
"drop_survey",3,1994,392237.42029487
"drop_survey",3,1995,191758.60192005
"drop_survey",3,1996,340233.69128752
"drop_survey",3,1997,202360.5498092
"drop_survey",3,1998,452190.71700714
"drop_survey",3,1999,280826.65887374
"drop_survey",3,2000,31544.3133269
"drop_survey",3,2001,1309620.37450327
"drop_survey",3,2002,804297.31894299
"drop_survey",3,2003,556786.30580354
"drop_survey",3,2004,1788308.20556145
"drop_survey",3,2005,394239.19913231
"drop_survey",3,2006,371488.93688942
"drop_survey",3,2007,848205.39340437
"drop_survey",3,2008,1228962.42491309
"drop_survey",3,2009,108161.98941997
"drop_survey",3,2010,388659.19771177
"drop_survey",3,2011,568283.98814639
"drop_survey",3,2012,566768.53112505
"drop_survey",3,2013,875043.0206773
"drop_survey",3,2014,2937345.53828592
"drop_survey",3,2015,2182528.53857877
"drop_survey",3,2016,1975192.95145617
"drop_survey",4,1982,1982176.13425811
"drop_survey",4,1983,1982309.57522797
"drop_survey",4,1984,3445344.04814432
"drop_survey",4,1985,3826440.5456807
"drop_survey",4,1986,152486.64022398
"drop_survey",4,1987,1229196.83539051
"drop_survey",4,1988,467815.96945873
"drop_survey",4,1989,695636.14817546
"drop_survey",4,1990,2909069.67203212
"drop_survey",4,1991,3868051.05684321
"drop_survey",4,1992,98580.55902728
"drop_survey",4,1993,107131.46641647
"drop_survey",4,1994,392465.97363679
"drop_survey",4,1995,188474.24363439
"drop_survey",4,1996,331098.58137259
"drop_survey",4,1997,206614.92791186
"drop_survey",4,1998,442091.33132915
"drop_survey",4,1999,279173.42823041
"drop_survey",4,2000,30860.26381603
"drop_survey",4,2001,1294236.98140019
"drop_survey",4,2002,801262.85266716
"drop_survey",4,2003,554119.86882985
"drop_survey",4,2004,1736960.32501829
"drop_survey",4,2005,406498.46670691
"drop_survey",4,2006,360520.33559766
"drop_survey",4,2007,849595.36296671
"drop_survey",4,2008,1217334.32740074
"drop_survey",4,2009,109974.60912264
"drop_survey",4,2010,645077.00489008
"drop_survey",4,2011,656552.35151616
"drop_survey",4,2012,749731.2603975
"drop_survey",4,2013,1174419.18582522
"drop_survey",4,2014,3139420.76947916
"drop_survey",4,2015,2048659.45928719
"drop_survey",5,1982,1920897.23954926
"drop_survey",5,1983,1915017.61724032
"drop_survey",5,1984,3337552.77223981
"drop_survey",5,1985,3714054.09007618
"drop_survey",5,1986,150499.60352882
"drop_survey",5,1987,1173330.55790014
"drop_survey",5,1988,476462.99762253
"drop_survey",5,1989,639934.46128857
"drop_survey",5,1990,2889488.44581099
"drop_survey",5,1991,3747872.8751827
"drop_survey",5,1992,91792.99517588
"drop_survey",5,1993,95005.22050706
"drop_survey",5,1994,381734.58207071
"drop_survey",5,1995,212887.53750304
"drop_survey",5,1996,265522.18550711
"drop_survey",5,1997,240839.62190676
"drop_survey",5,1998,399986.37176588
"drop_survey",5,1999,280653.67997137
"drop_survey",5,2000,30557.50946716
"drop_survey",5,2001,1252785.2947999
"drop_survey",5,2002,812139.49221741
"drop_survey",5,2003,499923.65168407
"drop_survey",5,2004,1607891.63400982
"drop_survey",5,2005,470408.14842787
"drop_survey",5,2006,369192.19955763
"drop_survey",5,2007,755588.92521296
"drop_survey",5,2008,1422748.17026439
"drop_survey",5,2009,701043.10596964
"drop_survey",5,2010,902569.74605648
"drop_survey",5,2011,1280758.0435415
"drop_survey",5,2012,1096636.27000979
"drop_survey",5,2013,1409889.1257315
"drop_survey",5,2014,1748835.65371084
"drop_survey",6,1982,1784086.87934247
"drop_survey",6,1983,1779647.90401408
"drop_survey",6,1984,3134075.17006399
"drop_survey",6,1985,3432812.32890478
"drop_survey",6,1986,147613.94277694
"drop_survey",6,1987,1089403.05659622
"drop_survey",6,1988,445616.64430384
"drop_survey",6,1989,589709.12676847
"drop_survey",6,1990,2721958.09366116
"drop_survey",6,1991,3456718.0352321
"drop_survey",6,1992,84487.56421565
"drop_survey",6,1993,86414.02764546
"drop_survey",6,1994,350514.21443009
"drop_survey",6,1995,200811.88215951
"drop_survey",6,1996,261866.47955057
"drop_survey",6,1997,200473.93421183
"drop_survey",6,1998,382466.50433944
"drop_survey",6,1999,253817.46827427
"drop_survey",6,2000,30025.94239652
"drop_survey",6,2001,1169622.33525647
"drop_survey",6,2002,749752.33979987
"drop_survey",6,2003,438738.06216097
"drop_survey",6,2004,1540080.43048356
"drop_survey",6,2005,402114.93397173
"drop_survey",6,2006,393626.25591912
"drop_survey",6,2007,686552.62415223
"drop_survey",6,2008,1929784.21890048
"drop_survey",6,2009,595394.46889683
"drop_survey",6,2010,959383.23466979
"drop_survey",6,2011,1405655.83987617
"drop_survey",6,2012,1643899.36390149
"drop_survey",6,2013,1892188.93317546
"drop_survey",7,1982,1825256.61362652
"drop_survey",7,1983,1808057.10057423
"drop_survey",7,1984,3166581.11387734
"drop_survey",7,1985,3517998.71734714
"drop_survey",7,1986,153660.5276888
"drop_survey",7,1987,1112620.53698984
"drop_survey",7,1988,445346.10905229
"drop_survey",7,1989,606441.00856385
"drop_survey",7,1990,2725052.49330334
"drop_survey",7,1991,3569321.23139353
"drop_survey",7,1992,82647.8863936
"drop_survey",7,1993,79900.75356414
"drop_survey",7,1994,360245.97378742
"drop_survey",7,1995,215065.26889586
"drop_survey",7,1996,234830.10944093
"drop_survey",7,1997,238790.46035656
"drop_survey",7,1998,350160.28696516
"drop_survey",7,1999,276903.14563122
"drop_survey",7,2000,28777.89807672
"drop_survey",7,2001,1169099.72256513
"drop_survey",7,2002,791829.35186167
"drop_survey",7,2003,401632.77034836
"drop_survey",7,2004,1529712.12086882
"drop_survey",7,2005,523430.24220657
"drop_survey",7,2006,457774.06219213
"drop_survey",7,2007,1556875.45055808
"drop_survey",7,2008,2688513.02327062
"drop_survey",7,2009,1149258.32513712
"drop_survey",7,2010,1842372.98175758
"drop_survey",7,2011,2857000.66501598
"drop_survey",7,2012,2157770.68054431
"drop_survey",8,1982,1902554.88188256
"drop_survey",8,1983,1879889.0552131
"drop_survey",8,1984,3268078.01833098
"drop_survey",8,1985,3692294.79640728
"drop_survey",8,1986,167706.90524147
"drop_survey",8,1987,1151590.24548375
"drop_survey",8,1988,472434.2518148
"drop_survey",8,1989,625122.77997249
"drop_survey",8,1990,2801807.99773149
"drop_survey",8,1991,3746203.34911498
"drop_survey",8,1992,90607.34998951
"drop_survey",8,1993,85603.11270601
"drop_survey",8,1994,369827.92801039
"drop_survey",8,1995,227161.53064687
"drop_survey",8,1996,241200.34309624
"drop_survey",8,1997,252523.58073719
"drop_survey",8,1998,355095.10717317
"drop_survey",8,1999,295275.55296152
"drop_survey",8,2000,30657.11107882
"drop_survey",8,2001,1201939.55989233
"drop_survey",8,2002,843622.03266207
"drop_survey",8,2003,406854.52206869
"drop_survey",8,2004,1575278.24215129
"drop_survey",8,2005,617735.31701005
"drop_survey",8,2006,479405.90950584
"drop_survey",8,2007,1773036.9381115
"drop_survey",8,2008,3035594.52575313
"drop_survey",8,2009,1578181.14111367
"drop_survey",8,2010,2440035.88362153
"drop_survey",8,2011,2232905.13080638
"drop_survey",9,1982,1849169.73244384
"drop_survey",9,1983,1847601.13798384
"drop_survey",9,1984,3212507.995457
"drop_survey",9,1985,3667803.31692747
"drop_survey",9,1986,157262.97652605
"drop_survey",9,1987,1141357.01376375
"drop_survey",9,1988,469516.98012648
"drop_survey",9,1989,609487.49355204
"drop_survey",9,1990,2764622.41293474
"drop_survey",9,1991,3699421.85656787
"drop_survey",9,1992,89664.85875589
"drop_survey",9,1993,89650.60036937
"drop_survey",9,1994,354230.04149076
"drop_survey",9,1995,235364.31329631
"drop_survey",9,1996,231286.05638282
"drop_survey",9,1997,251711.80449213
"drop_survey",9,1998,353725.38750931
"drop_survey",9,1999,287715.69490601
"drop_survey",9,2000,28392.01795248
"drop_survey",9,2001,1190735.25858153
"drop_survey",9,2002,790469.04434837
"drop_survey",9,2003,466974.86709647
"drop_survey",9,2004,1189357.96697066
"drop_survey",9,2005,284929.43724379
"drop_survey",9,2006,388398.24992329
"drop_survey",9,2007,1271536.37549862
"drop_survey",9,2008,2398044.90745249
"drop_survey",9,2009,1771603.63587403
"drop_survey",9,2010,1902349.25885656
"drop_survey",10,1982,1653828.88212902
"drop_survey",10,1983,1722423.92528964
"drop_survey",10,1984,3005730.02235917
"drop_survey",10,1985,3426466.58033202
"drop_survey",10,1986,136727.83505785
"drop_survey",10,1987,1062316.7793542
"drop_survey",10,1988,453767.00908916
"drop_survey",10,1989,550671.65747252
"drop_survey",10,1990,2583994.81573709
"drop_survey",10,1991,3454435.80189513
"drop_survey",10,1992,73851.86163903
"drop_survey",10,1993,74800.17463073
"drop_survey",10,1994,333303.13675798
"drop_survey",10,1995,222822.42011802
"drop_survey",10,1996,213959.93923618
"drop_survey",10,1997,228356.53628053
"drop_survey",10,1998,327285.03462501
"drop_survey",10,1999,268834.55207854
"drop_survey",10,2000,22541.10088361
"drop_survey",10,2001,1103960.13180485
"drop_survey",10,2002,722096.35264155
"drop_survey",10,2003,386226.8229144
"drop_survey",10,2004,802321.76504366
"drop_survey",10,2005,349765.95846215
"drop_survey",10,2006,280005.59543328
"drop_survey",10,2007,776814.84025012
"drop_survey",10,2008,1418349.77737641
"drop_survey",10,2009,1570140.78286768
