"mode","peel","Year","ssb","recruit_male"
"standard",0,1982,218.22993898,2320288.55320504
"standard",0,1983,237.4418018,2307184.60131515
"standard",0,1984,259.4168384,3885105.89198849
"standard",0,1985,273.74647016,4534435.62523569
"standard",0,1986,299.40607905,170904.54673946
"standard",0,1987,340.088635,1419680.17967214
"standard",0,1988,403.34660674,526634.38768311
"standard",0,1989,467.41700295,853528.20747822
"standard",0,1990,423.52686104,3164479.74328229
"standard",0,1991,386.6603267,4601459.45672782
"standard",0,1992,306.45403411,107470.43983333
"standard",0,1993,278.37291452,112149.93286067
"standard",0,1994,349.6784818,444049.43834549
"standard",0,1995,318.46966397,255920.85304414
"standard",0,1996,328.97970128,354268.32588806
"standard",0,1997,306.77022809,247931.88337368
"standard",0,1998,218.05081505,486519.61959171
"standard",0,1999,181.69445383,341405.80911963
"standard",0,2000,150.57856813,34513.23537947
"standard",0,2001,125.56871908,1432615.46355229
"standard",0,2002,104.47762695,975131.69064064
"standard",0,2003,94.98313004,543922.84020441
"standard",0,2004,86.83217129,2059437.46505326
"standard",0,2005,100.45448305,478557.76901221
"standard",0,2006,125.17942023,450063.34865692
"standard",0,2007,139.79351764,929887.20111465
"standard",0,2008,154.45057535,1424276.45215353
"standard",0,2009,173.9548157,155323.87486186
"standard",0,2010,171.51766686,405463.20163315
"standard",0,2011,171.75800356,120814.59232118
"standard",0,2012,159.09372964,826129.14727945
"standard",0,2013,149.15133625,1232607.92844046
"standard",0,2014,124.63930744,4392201.76314341
"standard",0,2015,108.91037232,7397189.68871444
"standard",0,2016,102.63932174,425559.79439776
"standard",0,2017,148.88857447,1241051.29386583
"standard",0,2018,146.58249966,1756482.15297178
"standard",0,2019,86.90460713,2130586.69631707
"standard",1,1982,217.95531556,2407017.24167574
"standard",1,1983,237.66934167,2407030.57947193
"standard",1,1984,260.09799363,4022876.89493188
"standard",1,1985,275.18334471,4754877.29200314
"standard",1,1986,301.79716704,181787.32108873
"standard",1,1987,343.45800552,1474650.98330991
"standard",1,1988,407.57691251,551365.79915327
"standard",1,1989,472.26543803,892904.98073808
"standard",1,1990,428.4212098,3254568.55227198
"standard",1,1991,390.80384803,4821534.07751911
"standard",1,1992,309.83265672,117065.72190993
"standard",1,1993,281.64325534,119318.83347658
"standard",1,1994,354.14020042,459646.67636096
"standard",1,1995,322.56204876,269965.03160511
"standard",1,1996,332.97227445,366148.8742979
"standard",1,1997,310.1157535,260477.89674029
"standard",1,1998,220.51337844,501107.42345421
"standard",1,1999,183.66278282,361513.02954707
"standard",1,2000,152.2016884,37236.60179253
"standard",1,2001,126.94735126,1477398.78026206
"standard",1,2002,105.62246667,1023751.44336726
"standard",1,2003,95.963636,564646.86710314
"standard",1,2004,87.69229404,2126012.60327481
"standard",1,2005,101.48254429,515567.32406686
"standard",1,2006,126.52578006,474582.08967645
"standard",1,2007,141.24569613,956526.9367352
"standard",1,2008,156.00514198,1485970.52721543
"standard",1,2009,175.49095504,165802.96631206
"standard",1,2010,172.96224612,421935.52548847
"standard",1,2011,173.45633565,127074.95581321
"standard",1,2012,160.88145367,853362.97189278
"standard",1,2013,150.80500402,1266336.30129071
"standard",1,2014,126.02330861,4638236.65259971
"standard",1,2015,110.17331605,7424016.42818464
"standard",1,2016,103.91003443,444001.34955757
"standard",1,2017,151.07038971,1229824.11965675
"standard",1,2018,149.22373684,1675909.40962895
"standard",2,1982,220.15217041,2401141.30858258
"standard",2,1983,238.32387516,2416082.60061032
"standard",2,1984,260.62191437,4050217.48745065
"standard",2,1985,275.8159142,4752796.56230647
"standard",2,1986,302.66085133,184398.76037713
"standard",2,1987,344.49831914,1471593.09410471
"standard",2,1988,408.58270706,552645.43540415
"standard",2,1989,473.22392611,894904.71220715
"standard",2,1990,429.32829321,3269815.08409009
"standard",2,1991,391.28909126,4813086.74396777
"standard",2,1992,310.06898306,117760.60467273
"standard",2,1993,281.6815907,118970.07634016
"standard",2,1994,354.10488013,455186.33263882
"standard",2,1995,322.48217786,284849.02607396
"standard",2,1996,332.73778243,355748.0737209
"standard",2,1997,309.68155872,264917.51983409
"standard",2,1998,220.08504988,496261.11947319
"standard",2,1999,183.25499432,367312.99435767
"standard",2,2000,151.93585021,38770.9122354
"standard",2,2001,126.79317918,1476832.16426637
"standard",2,2002,105.42490657,1026331.79548842
"standard",2,2003,95.72905523,556325.82429798
"standard",2,2004,87.46663134,2128973.32388136
"standard",2,2005,101.34816301,510699.3069878
"standard",2,2006,126.37460604,502667.24925508
"standard",2,2007,140.98754598,941206.19926912
"standard",2,2008,155.58747693,1489638.14637397
"standard",2,2009,174.94048521,160035.30664408
"standard",2,2010,172.52451867,425132.77517823
"standard",2,2011,173.32732697,141205.33081696
"standard",2,2012,160.93066993,747304.68735893
"standard",2,2013,150.68005393,1203653.6604572
"standard",2,2014,125.77050986,3854735.71454316
"standard",2,2015,109.35053727,6306115.98661008
"standard",2,2016,101.56261005,1166986.77597878
"standard",2,2017,139.9048871,1375605.86824479
"standard",3,1982,217.3894219,1945344.65195696
"standard",3,1983,234.39234093,1934825.16798969
"standard",3,1984,255.18233836,3392272.07417495
"standard",3,1985,268.06820124,3689083.108603
"standard",3,1986,291.41805361,151872.32186294
"standard",3,1987,328.99018262,1208157.39405879
"standard",3,1988,388.70018148,428182.1758322
"standard",3,1989,450.23128262,714193.99868666
"standard",3,1990,405.87818135,2839965.11675359
"standard",3,1991,370.9486217,3732331.37652217
"standard",3,1992,293.09668711,94865.54420515
"standard",3,1993,265.07719016,104111.15089235
"standard",3,1994,331.94502232,380182.36923146
"standard",3,1995,302.24757226,176980.71302477
"standard",3,1996,313.32741033,355506.40766116
"standard",3,1997,293.3342233,147965.86370045
"standard",3,1998,207.50106787,471018.63085445
"standard",3,1999,173.62076746,250924.27918023
"standard",3,2000,143.87029074,31393.9387493
"standard",3,2001,119.77488288,1275645.4809861
"standard",3,2002,99.68693684,755396.35042849
"standard",3,2003,90.88491081,531018.21146402
"standard",3,2004,83.52905749,1753465.91269558
"standard",3,2005,96.72494948,333616.31395478
"standard",3,2006,120.40868823,399060.226426
"standard",3,2007,134.49747562,796675.64895539
"standard",3,2008,148.70044348,1185350.35067059
"standard",3,2009,168.24575996,99932.79928816
"standard",3,2010,165.72846223,379126.39826563
"standard",3,2011,164.61464866,522028.92089512
"standard",3,2012,151.46532622,577824.42167271
"standard",3,2013,142.16433139,839914.55823324
"standard",3,2014,120.67124452,2914895.10273522
"standard",3,2015,110.86341119,3165065.47299112
"standard",3,2016,108.17346573,1964328.64325402
"standard",4,1982,215.85648739,2075082.22899747
"standard",4,1983,234.56656533,2063948.85001125
"standard",4,1984,255.6986296,3551866.35732459
"standard",4,1985,268.98669211,4002384.40726257
"standard",4,1986,293.02848763,171189.95766674
"standard",4,1987,331.53801199,1258636.04368229
"standard",4,1988,392.40047027,496649.30746802
"standard",4,1989,454.85552393,724183.09181557
"standard",4,1990,410.56893955,2992312.9467623
"standard",4,1991,375.14894801,4025434.33389284
"standard",4,1992,296.50425646,109996.72080446
"standard",4,1993,268.53397455,117144.05683243
"standard",4,1994,337.21392417,396791.26797574
"standard",4,1995,307.14632599,199175.71298501
"standard",4,1996,318.35808081,361042.96247375
"standard",4,1997,297.66763538,185766.01410292
"standard",4,1998,210.57537469,475907.62569905
"standard",4,1999,176.05443716,287627.57889515
"standard",4,2000,145.82927211,37436.82523341
"standard",4,2001,121.41480374,1311349.88532441
"standard",4,2002,101.12554457,864209.22652399
"standard",4,2003,92.25980091,527359.03820067
"standard",4,2004,84.73139337,1875332.61639844
"standard",4,2005,98.21310349,362254.14774503
"standard",4,2006,122.27057366,423509.19521004
"standard",4,2007,136.6338446,845063.5729074
"standard",4,2008,151.18838934,1263043.33233702
"standard",4,2009,170.7261649,130084.99749923
"standard",4,2010,167.985599,559409.05409238
"standard",4,2011,166.92933639,673132.37687942
"standard",4,2012,153.95342695,462912.86045407
"standard",4,2013,145.84085875,1163749.14695301
"standard",4,2014,126.4282128,3725279.44546414
"standard",4,2015,120.67249528,4157876.59033115
"standard",5,1982,216.86876589,1817688.24538546
"standard",5,1983,231.35326859,1822030.9487757
"standard",5,1984,249.99915066,3204577.53387813
"standard",5,1985,261.31550049,3517868.31499644
"standard",5,1986,283.33828955,139425.19652419
"standard",5,1987,319.33223852,1141199.86998293
"standard",5,1988,377.08323446,424012.48392582
"standard",5,1989,437.27164064,643321.56294735
"standard",5,1990,393.42557007,2747616.03790385
"standard",5,1991,360.24123942,3543092.25253537
"standard",5,1992,284.34479991,85101.86495492
"standard",5,1993,256.98815473,90546.10987314
"standard",5,1994,322.59837953,370508.34392933
"standard",5,1995,294.03123444,175859.94125974
"standard",5,1996,305.63181884,301743.71491397
"standard",5,1997,286.46016307,192798.1120895
"standard",5,1998,201.80831081,405835.23643043
"standard",5,1999,168.76330371,255319.31072026
"standard",5,2000,139.96097211,28299.02490779
"standard",5,2001,116.40046018,1211976.60488751
"standard",5,2002,96.84587379,730595.98564164
"standard",5,2003,88.4811137,510108.58502531
"standard",5,2004,81.15846753,1601265.74340476
"standard",5,2005,94.26135902,376530.11222472
"standard",5,2006,117.63617415,364581.25040987
"standard",5,2007,131.41685027,716969.64539786
"standard",5,2008,145.07585875,1314205.80803942
"standard",5,2009,163.95333517,422824.44922578
"standard",5,2010,161.49976776,698811.4845815
"standard",5,2011,162.03684464,691090.69791009
"standard",5,2012,152.95896157,904353.83205081
"standard",5,2013,153.26830987,1365525.96115066
"standard",5,2014,143.57718629,4580214.97094063
"standard",6,1982,215.27814186,1793790.58608279
"standard",6,1983,229.21157288,1830795.0497712
"standard",6,1984,246.16814797,3186350.56153745
"standard",6,1985,257.22565601,3517698.98010418
"standard",6,1986,279.8168509,142770.08707601
"standard",6,1987,316.27468353,1123682.66439939
"standard",6,1988,373.94309339,443812.31039083
"standard",6,1989,434.12901838,613929.25016998
"standard",6,1990,390.79553854,2767602.15787472
"standard",6,1991,357.72446705,3557680.77570453
"standard",6,1992,282.39929086,82292.49582347
"standard",6,1993,255.49602749,80787.43179548
"standard",6,1994,321.41974693,381369.9307802
"standard",6,1995,293.37167858,176336.76161665
"standard",6,1996,305.22230138,278389.06171741
"standard",6,1997,285.93739988,214617.1208859
"standard",6,1998,201.36576052,378993.47667819
"standard",6,1999,168.15091565,266327.97023774
"standard",6,2000,139.45901796,28766.96092437
"standard",6,2001,115.79377919,1192935.22884911
"standard",6,2002,96.15549934,771521.45470502
"standard",6,2003,87.66380489,460097.57113506
"standard",6,2004,80.16769856,1514532.73910325
"standard",6,2005,93.28886209,479930.50677661
"standard",6,2006,116.66564783,357830.94098722
"standard",6,2007,130.15200247,726130.47825265
"standard",6,2008,142.87915584,2127247.8488558
"standard",6,2009,160.68272738,591461.29901244
"standard",6,2010,159.55533372,1084895.20167569
"standard",6,2011,168.10441287,1472817.85911183
"standard",6,2012,171.20673551,1244830.89553213
"standard",6,2013,191.73803688,1444577.80970739
"standard",7,1982,216.41930678,1749551.89212274
"standard",7,1983,228.66455988,1763515.26257466
"standard",7,1984,243.95586343,3101645.85183554
"standard",7,1985,254.17921033,3428947.73568856
"standard",7,1986,276.429698,141072.95968711
"standard",7,1987,312.40040297,1094580.18864602
"standard",7,1988,369.23838253,431210.02179624
"standard",7,1989,428.98177862,598502.24634845
"standard",7,1990,386.15696377,2667535.11143279
"standard",7,1991,353.79609294,3473906.33155525
"standard",7,1992,279.3107929,79865.68317572
"standard",7,1993,252.71075472,76715.38869235
"standard",7,1994,317.47969348,367925.65226764
"standard",7,1995,289.77657888,174315.22344202
"standard",7,1996,301.65922051,269480.99700658
"standard",7,1997,282.74919678,209222.53276936
"standard",7,1998,199.04438388,358983.68462983
"standard",7,1999,166.1956896,261806.80303949
"standard",7,2000,137.8751279,27859.49925513
"standard",7,2001,114.49014845,1151653.5001943
"standard",7,2002,95.00518503,754518.80205596
"standard",7,2003,86.46435445,427185.08300476
"standard",7,2004,78.89908964,1482465.17094852
"standard",7,2005,91.79097622,468410.30819336
"standard",7,2006,114.72359206,414621.75888847
"standard",7,2007,127.89700933,1189801.55904215
"standard",7,2008,140.454621,1999818.62406269
"standard",7,2009,159.00902906,695029.53820199
"standard",7,2010,161.57562699,1177400.49917212
"standard",7,2011,178.88994161,1673394.01936392
"standard",7,2012,191.51791765,1943688.56852463
"standard",8,1982,215.88690088,1888426.01591585
"standard",8,1983,227.74372903,1894242.95422122
"standard",8,1984,243.08246166,3282956.86330159
"standard",8,1985,254.12201663,3729333.10796153
"standard",8,1986,277.7826552,158831.7643897
"standard",8,1987,315.27099566,1173795.41330308
"standard",8,1988,373.43803852,461538.06272294
"standard",8,1989,434.16211718,649255.7038606
"standard",8,1990,391.95679806,2786549.46158276
"standard",8,1991,358.72563423,3794528.36904873
"standard",8,1992,283.64710522,87630.58793203
"standard",8,1993,257.22071325,79957.04192759
"standard",8,1994,323.68144213,396012.54408294
"standard",8,1995,295.64064527,188128.24665201
"standard",8,1996,307.38858291,286337.63655659
"standard",8,1997,287.54655696,228058.23177327
"standard",8,1998,202.88412767,370673.60551423
"standard",8,1999,169.09364366,292834.28911112
"standard",8,2000,140.25421573,30075.25900277
"standard",8,2001,116.53619186,1213371.3227147
"standard",8,2002,96.68374404,837863.64944634
"standard",8,2003,87.75510684,420407.82983939
"standard",8,2004,79.89827642,1596266.08936647
"standard",8,2005,93.05159704,533200.37427724
"standard",8,2006,116.5197452,441608.06283455
"standard",8,2007,129.87122437,1546688.93244366
"standard",8,2008,142.53058344,2640273.27427335
"standard",8,2009,161.37989311,1085713.86976498
"standard",8,2010,166.25316097,1882635.69392716
"standard",8,2011,192.59538578,3169275.63308228
"standard",9,1982,214.47919714,1979591.96410772
"standard",9,1983,227.68594109,1997635.92734284
"standard",9,1984,244.0151517,3416350.34497192
"standard",9,1985,255.84123376,3991788.58645685
"standard",9,1986,280.23371025,165656.32374179
"standard",9,1987,318.45101106,1237596.704669
"standard",9,1988,377.29852202,496732.56522842
"standard",9,1989,438.47501187,679183.15117411
"standard",9,1990,396.41065568,2891079.08664037
"standard",9,1991,362.65383874,4051106.71384889
"standard",9,1992,287.02217447,97767.87733156
"standard",9,1993,260.78195897,88902.71054003
"standard",9,1994,328.63382885,414673.55894263
"standard",9,1995,300.23541899,198334.23551722
"standard",9,1996,311.98619289,301855.61338458
"standard",9,1997,291.52719603,244192.70248553
"standard",9,1998,206.0471061,388003.05147887
"standard",9,1999,171.73817213,313813.1186737
"standard",9,2000,142.3955263,31430.40346384
"standard",9,2001,118.30626918,1269518.03203363
"standard",9,2002,98.21631142,877631.62507644
"standard",9,2003,89.14725546,484285.63156456
"standard",9,2004,81.15395391,1406789.64471623
"standard",9,2005,94.41639798,344426.52508259
"standard",9,2006,117.90377445,471197.79371339
"standard",9,2007,130.08157908,1580781.82040767
"standard",9,2008,138.95958632,2671327.6757503
"standard",9,2009,150.87652943,1385193.04460539
"standard",9,2010,149.49017725,2329113.66175816
"standard",10,1982,211.81268902,1807421.28856109
"standard",10,1983,222.04175562,1837391.35978058
"standard",10,1984,236.34752887,3188342.53303638
"standard",10,1985,247.35472058,3673335.83186399
"standard",10,1986,271.24333458,149747.86995603
"standard",10,1987,308.47601464,1147389.45479764
"standard",10,1988,365.71135081,462600.73304223
"standard",10,1989,426.00850941,608682.24082337
"standard",10,1990,385.1279844,2721664.51824301
"standard",10,1991,352.73497103,3716969.32295065
"standard",10,1992,278.93989857,85090.12737101
"standard",10,1993,253.26832548,83753.83094904
"standard",10,1994,318.82785986,357930.01265027
"standard",10,1995,291.41074324,230475.20773872
"standard",10,1996,303.4482468,233005.64237072
"standard",10,1997,283.85225295,248133.01147084
"standard",10,1998,200.22110241,342707.47122192
"standard",10,1999,166.88300871,294553.05341595
"standard",10,2000,138.46798775,26386.98338122
"standard",10,2001,115.04787091,1173195.30491059
"standard",10,2002,95.23661884,797597.88671563
"standard",10,2003,86.3519619,465097.03311621
"standard",10,2004,78.47710868,1077124.37500379
"standard",10,2005,91.32113609,437748.14965633
"standard",10,2006,113.65761163,360946.38554398
"standard",10,2007,124.58744755,1351379.63497478
"standard",10,2008,131.32932284,2676658.50148487
"standard",10,2009,140.23627174,1925734.73498423
