Quantity,Value,Stock,Year,SMBKC,PIGKC,PIRKC,PIBKC,Tanner_east,Tanner_west,Tanner_total,Snow,AIGKC_east,AIGKC_west,AIGKC_total,NSRKC
OFL,,BBRKC,2024,,,,,,,,"19,600.00",,,,
ABC,,BBRKC,2024,,,,,,,,"6,860.00",,,,
total TAC,,BBRKC,2024,,,,,,,,2140,,,,
IFQ,,BBRKC,2024,,,,,,,,,,,,
CDQ,,BBRKC,2024,,,,,,,,,,,,
harvest,,BBRKC,2024,,,,,,,,,,,,
OFL,"4,420.00",BBRKC,2023,,114,685,1.16,"36,200.00",,"36,200.00","15,440.00","4,182.00",,"4,182.00",310
ABC,"3,540.00",BBRKC,2023,,85,514,0.87,"28,960.00",,"28,960.00","7,720.00","3,137.00",,"3,137.00",220
total TAC,975.2,BBRKC,2023,0,59,0,0,344.7,598.7,943.4,0,"1,687.40",821,"2,508.40",178
IFQ,877.7,BBRKC,2023,,NA,,,310.3,538.9,849.2,,"1,518.60",738.9,"2,257.50",164.7
CDQ,97.5,BBRKC,2023,,NA,,,34.5,59.9,94.4,,168.7,82.1,250.8,13.4
harvest,NA,BBRKC,2023,,NA,,,NA,NA,NA,,NA,NA,#VALUE!,193.4
OFL,"3,040.00",BBRKC,2022,66,93,685,1.16,"32,810.00",,"32,810.00","10,300.00","3,761.00",,"3,761.00",300
ABC,"2,430.00",BBRKC,2022,50,70,514,0.87,"26,250.00",,"26,250.00","7,700.00","2,821.00",,"2,821.00",180
total TAC,0,BBRKC,2022,0,59,0,0,527.5,385.6,913.1,0,"1,505.90",784.7,"2,290.60",154.9
IFQ,,BBRKC,2022,,NA,,,474.8,347,821.8,,"1,355.30",706.2,"2,061.50",143.3
CDQ,,BBRKC,2022,,NA,,,52.8,38.6,91.4,,150.6,78.5,229.1,11.6
harvest,,BBRKC,2022,,19,,,528.4,384.9,913.3,,"1,506.40",784.4,"2,290.80",147.4
OFL,"2,230.00",BBRKC,2021,50,93,860,1.16,"27,170.00",,"27,170.00","7,500.00","4,817.00",,"4,817.00",290
ABC,"1,780.00",BBRKC,2021,40,70,650,0.87,"21,740.00",,"21,740.00","5,600.00","3,372.00",,"3,372.00",170
total TAC,0,BBRKC,2021,0,59,0,0,0,499,499,"2,540.10","1,637.50","1,052.30","2,689.80",142.6
IFQ,,BBRKC,2021,,NA,,,,449.1,449.1,"2,286.10","1,473.70",947.1,"2,420.80",131.9
CDQ,,BBRKC,2021,,NA,,,,49.9,49.9,254,163.7,105.2,268.9,10.7
harvest,,BBRKC,2021,,15.5,,,,494.3,494.3,"2,516.60","1,639.60",992.9,"2,632.50",0.4
OFL,"2,140.00",BBRKC,2020,50,93,864,1.16,"21,130.00",,"21,130.00","95,400.00","4,798.00",,"4,798.00",130
ABC,"1,610.00",BBRKC,2020,40,70,648,0.87,"16,900.00",,"16,900.00","71,550.00","3,599.00",,"3,599.00",90
total TAC,"1,201.10",BBRKC,2020,0,59,0,0,0,"1,065.00","1,065.00","20,411.70","1,655.60","1,342.60","2,998.20",77.2
IFQ,"1,081.00",BBRKC,2020,,NA,,,,958.5,958.5,"18,370.50","1,490.10","1,208.40","2,698.50",71.4
CDQ,120.1,BBRKC,2020,,NA,,,,106.5,106.5,"2,041.20",165.6,134.3,299.9,5.8
harvest,"1,200.60",BBRKC,2020,,48.8,,,,657.5,657.5,"20,412.20","1,655.70","1,266.80","2,922.50",CFd
OFL,"3,400.00",BBRKC,2019,44,93,864,1.16,"28,860.00",,"28,860.00","54,900.00","5,249.00",,"5,249.00",110
ABC,"2,720.00",BBRKC,2019,35,70,648,0.87,"23,090.00",,"23,090.00","43,900.00","3,937.00",,"3,937.00",90
total TAC,"1,722.30",BBRKC,2019,0,59,0,0,0,0,0,"15,430.70","1,955.00","1,301.80","3,256.80",68
IFQ,"1,550.10",BBRKC,2019,,NA,,,,,0,"13,887.70","1,759.50","1,171.60","2,931.10",63
CDQ,172.2,BBRKC,2019,,NA,,,,,0,"1,543.10",195.5,130,325.5,5
harvest,"1,719.80",BBRKC,2019,,CFd,,,,,0,"15,433.30","1,954.30","1,288.20","3,242.50",35.5
OFL,"5,340.00",BBRKC,2018,40,93,482,1.16,"20,870.00",,"20,870.00","29,700.00","5,514.00",,"5,514.00",200
ABC,"4,270.00",BBRKC,2018,30,70,362,0.87,"16,700.00",,"16,700.00","23,800.00","4,136.00",,"4,136.00",160
total TAC,"1,954.10",BBRKC,2018,0,59,0,0,0,"1,106.30","1,106.30","12,510.60","1,749.10","1,134.00","2,883.10",145
IFQ,"1,758.70",BBRKC,2018,,NA,,,,995.7,995.7,"11,259.50","1,574.20","1,020.60","2,594.80",134
CDQ,195.4,BBRKC,2018,,NA,,,,110.6,110.6,"1,251.10",174.9,113,287.9,11
harvest,"1,954.10",BBRKC,2018,,CFd,,,,"1,107.30","1,107.30","12,509.30","1,748.20","1,134.60","2,882.80",148.6
OFL,"5,600.00",BBRKC,2017,120,93,482,1.16,"25,420.00",,"25,420.00","28,400.00","6,048.00",,"6,048.00",300
ABC,"5,040.00",BBRKC,2017,100,70,362,0.87,"20,330.00",,"20,330.00","22,700.00","4,536.00",,"4,536.00",240
total TAC,"2,994.20",BBRKC,2017,0,59,0,0,0,"1,134.10","1,134.10","8,600.60","1,501.40","1,013.80","2,515.20",225
IFQ,"2,694.80",BBRKC,2017,,NA,,,,"1,020.70","1,020.70","7,740.50","1,351.30",907.1,"2,258.40",208
CDQ,299.4,BBRKC,2017,,NA,,,,113.4,113.4,860.1,150.1,107,257.1,17
harvest,"2,994.10",BBRKC,2017,,CFd,,,,"1,132.50","1,132.50","8,601.70","1,500.60","1,013.70","2,514.30",222.1
OFL,"6,640.00",BBRKC,2016,140,91,"1,492.00",1.16,"25,610.00",,"25,610.00","23,700.00","5,690.00",,"5,690.00",320
ABC,"5,970.00",BBRKC,2016,110,68,"1,096.00",0.87,"20,490.00",,"20,490.00","21,300.00","4,260.00",,"4,260.00",260
total TAC,"3,841.50",BBRKC,2016,0,59,0,0,0,0,0,"9,784.00","1,501.40","1,013.80","2,515.20",235
IFQ,"3,457.30",BBRKC,2016,,NA,,,,,0,"8,805.60","1,351.30",907.1,"2,258.40",217
CDQ,384.1,BBRKC,2016,,NA,,,,,0,978.4,150.1,107,257.1,18
harvest,"3,840.40",BBRKC,2016,,0,,,,,0,"9,784.40","1,500.10","1,014.50","2,514.60",226.9
OFL,"6,730.00",BBRKC,2015,280,91,"2,119.00",1.16,"27,190.00",,"27,190.00","83,100.00","5,690.00",,"5,690.00",330
ABC,"6,060.00",BBRKC,2015,220,68,"1,467.00",0.87,"21,750.00",,"21,750.00","62,300.00","4,260.00",,"4,260.00",260
total TAC,"4,524.10",BBRKC,2015,186.4,59,0,0,"5,112.90","3,808.40","8,921.30","18,420.90","1,501.40","1,351.70","2,853.10",179
IFQ,"4,071.70",BBRKC,2015,167.8,NA,,,"4,601.60","3,427.50","8,029.10","16,578.80","1,351.30","1,216.50","2,567.80",166
CDQ,452.4,BBRKC,2015,18.6,NA,,,511.3,380.8,892.1,"1,842.10",150.1,135,285.1,13
harvest,"4,522.30",BBRKC,2015,48.3,0,,,"5,109.10","3,800.60","8,909.70","18,421.10","1,498.00",CF,"1,498.00",181.9
OFL,"6,820.00",BBRKC,2014,430,91,"1,359.00",1.16,"31,480.00",,"31,480.00","69,000.00","5,690.00",,"5,690.00",210
ABC,"6,140.00",BBRKC,2014,340,82,"1,019.00",0.87,"25,180.00",,"25,180.00","62,100.00","4,260.00",,"4,260.00",190
total TAC,"4,529.60",BBRKC,2014,297.1,68,0,0,"3,846.50","3,005.10","6,851.60","30,821.60","1,501.40","1,351.70","2,853.10",173.6c
IFQ,"4,076.60",BBRKC,2014,267.4,NA,,,"3,461.80","2,704.50","6,166.30","27,739.50","1,351.30","1,216.50","2,567.80",160.6c
CDQ,453,BBRKC,2014,29.7,NA,,,384.6,300.5,685.1,"3,082.20",150.1,135,285.1,13.0c
harvest,"4,530.00",BBRKC,2014,140,CFd,,,"3,833.10","2,383.20","6,216.30","30,817.80","1,500.00",CF,"1,500.00",176.5
OFL,"7,070.00",BBRKC,2013,560,91,903,1.16,"25,350.00",,"25,350.00","78,100.00","5,690.00",,"5,690.00",260
ABC,"6,360.00",BBRKC,2013,450,82,718,1.04,"17,820.00",,"17,820.00","70,300.00","5,120.00",,"5,120.00",240
total TAC,"3,900.90",BBRKC,2013,0,68,0,0,663.6,746.2,"1,409.80","24,486.30","1,501.40","1,351.70","2,853.10",224.8c
IFQ,"3,510.80",BBRKC,2013,,NA,,,597.2,671.5,"1,268.70","22,037.70","1,351.30","1,216.50","2,567.80",208.0c
CDQ,390.1,BBRKC,2013,,NA,,,66.4,74.6,141,"2,448.60",150.1,135,285.1,16.9c
harvest,"3,901.10",BBRKC,2013,,CFd,,,660.6,603.5,"1,264.10","24,486.40","1,497.80","1,347.40","2,845.20",177.7
OFL,"7,960.00",BBRKC,2012,"1,020.00",91,569,1.16,"19,020.00",,"19,020.00","67,800.00","5,690.00",,"5,690.00",240
ABC,"7,170.00",BBRKC,2012,920,82,455,1.04,"8,170.00",,"8,170.00","61,000.00","5,120.00",,"5,120.00",220
total TAC,"3,562.10",BBRKC,2012,739.4,68,0,0,0,0,0,"30,095.90","1,501.40","1,351.70","2,853.10",211.1c
IFQ,"3,205.90",BBRKC,2012,665.4,NA,,,,,0,"27,086.30","1,351.30","1,216.50","2,567.80",195.3c
CDQ,356.2,BBRKC,2012,73.9,NA,,,,,0,"3,009.60",150.1,135,285.1,15.8c
harvest,"3,560.60",BBRKC,2012,733,CFd,,,,,0,"30,052.60","1,503.70","1,339.30","2,843.00",215.9
OFL,"8,800.00",BBRKC,2011,"1,700.00",82,393,1.16,"2,750.00",,"2,750.00","73,500.00","5,170.00",,"5,170.00",300
ABC,"7,920.00",BBRKC,2011,"1,540.00",NA,307,1.04,"2,480.00",,"2,480.00","66,150.00","4,660.00",,"4,660.00",270
total TAC,"3,553.40",BBRKC,2011,"1,070.00",68,0,0,0,0,0,"40,321.70","1,428.80","1,285.90","2,714.70",162.4c
IFQ,"3,198.10",BBRKC,2011,963,NA,,,,,0,"36,289.50","1,285.90","1,157.30","2,443.20",150.2c
CDQ,355.3,BBRKC,2011,107,NA,,,,,0,"4,032.20",142.9,129,271.9,12.2c
harvest,"3,553.30",BBRKC,2011,853.4,CFd,,,,,0,"40,293.00","1,429.00","1,276.40","2,705.40",181.8
OFL,"10,660.00",BBRKC,2010,"1,040.00",77,350,1.81,"1,610.00",,"1,610.00","44,400.00","5,020.00",,"5,020.00",330
ABC,NA,BBRKC,2010,NA,NA,NA,NA,NA,,NA,NA,NA,,NA,NA
total TAC,"6,730.90",BBRKC,2010,725.7,68,0,0,0,0,0,"24,621.50","1,428.80","1,285.90","2,714.70",181.4c
IFQ,"6,057.80",BBRKC,2010,653.2,NA,,,,,0,"22,159.30","1,285.90","1,157.30","2,443.20",167.8c
CDQ,673.1,BBRKC,2010,72.6,NA,,,,,0,"2,462.10",142.9,129,271.9,13.6c
harvest,"6,728.50",BBRKC,2010,573.3,CFd,,,,,0,"24,613.40","1,428.00","1,279.40","2,707.40",189.3
OFL,"10,230.00",BBRKC,2009,780,77,230,1.81,"2,270.00",,"2,270.00","33,100.00","4,160.00",,"4,160.00",320
ABC,NA,BBRKC,2009,NA,NA,NA,NA,NA,,NA,NA,NA,,NA,NA
total TAC,"7,261.60",BBRKC,2009,529.3,68,0,0,612.4,0,612.4,"21,780.20","1,428.80","1,285.90","2,714.70",170.1c
IFQ,"6,535.40",BBRKC,2009,476.4,NA,,,551.1,,551.1,"19,602.20","1,285.90","1,157.30","2,443.20",157.3c
CDQ,726.2,BBRKC,2009,52.9,NA,,,61.2,,61.2,"2,178.00",142.9,129,271.9,12.8c
harvest,"7,226.90",BBRKC,2009,209,0,,,600.8,,600.8,"21,778.90","1,429.00","1,252.70","2,681.70",180.3
OFL,"10,980.00",BBRKC,2008,740,NA,"1,510.00",1.81,"7,040.00",,"7,040.00","35,100.00","4,160.00",,"4,160.00",310
ABC,NA,BBRKC,2008,NA,NA,NA,NA,NA,,NA,NA,NA,,NA,NA
total TAC,"9,237.00",BBRKC,2008,0,68,0,0,"1,253.30",697.2,"1,950.50","26,557.90","1,428.80","1,285.90","2,714.70",186.9c
IFQ,"8,313.30",BBRKC,2008,,NA,,,"1,127.90",627.5,"1,755.40","23,902.10","1,285.90","1,157.30","2,443.20",172.9c
CDQ,923.7,BBRKC,2008,,NA,,,125.3,69.7,195,"2,655.80",142.9,129,271.9,14.0c
harvest,"9,221.30",BBRKC,2008,,0,,,830.1,49.7,879.8,"26,556.90","1,426.30","1,150.20","2,576.50",179.2
total TAC,"9,245.60",BBRKC,2007,0,68,0,0,"1,562.60",987,"2,549.60","28,591.80","1,360.80","1,224.70","2,585.50",143
IFQ,"8,321.00",BBRKC,2007,,NA,,,"1,406.40",888.3,"2,294.70","25,732.60","1,224.70","1,102.20","2,326.90",132
CDQ,924.6,BBRKC,2007,,NA,,,156.3,98.7,255,"2,859.20",136.1,123,259.1,11
harvest,"9,237.90",BBRKC,2007,,0,,,718,237.6,955.6,"28,589.10","1,356.20","1,142.20","2,498.40",141.9
total TAC,"7,042.90",BBRKC,2006,0,68,0,0,850.5,496.2,"1,346.70","16,586.10","1,360.80","1,224.70","2,585.50",206
IFQ,"6,338.60",BBRKC,2006,,NA,,,765.4,446.6,"1,212.00","14,927.50","1,224.70","1,102.20","2,326.90",190.5
CDQ,704.3,BBRKC,2006,,NA,,,85,49.6,134.6,"1,658.60",136.1,123,259.1,15
harvest,"7,083.70",BBRKC,2006,,0,,,635.8,327,962.8,"16,490.70","1,357.20","1,029.80","2,387.00",204.9
total TAC,"8,313.90",BBRKC,2005,0,68,0,0,0,734.8,734.8,"16,866.40","1,360.80","1,224.70","2,585.50",168
IFQ,"7,482.50",BBRKC,2005,,NA,,,,661.3,661.3,"15,179.80","1,224.70","1,102.20","2,326.90",155
CDQ,831.4,BBRKC,2005,,NA,,,,73.5,73.5,"1,686.60",136.1,123,259.1,13
harvest,"8,305.00",BBRKC,2005,,CFd,,,,432.2,432.2,"16,771.10","1,300.30","1,203.70","2,504.00",181.8
total GHL,"6,996",BBRKC,2004,0,68,,,0,0,0,"9,449","1,360.80","1,224.70","2,585.50",160
Open Access,"6,471",BBRKC,2004,,NA,,,,,0,"8,740",NA,NA,,148
CDQ,515,BBRKC,2004,,NA,,,,,0,805,NA,NA,,12
harvest,"7,006.70",BBRKC,2004,,CFd,,,,,0,"10,860.10","1,309.40","1,219.40","2,528.80",154.6
total GHL,"7,127",BBRKC,2003,0,68,,,0,0,0,"11,617","1,360.80","1,224.70","2,585.50",115
Open Access,"6,593",BBRKC,2003,,NA,,,,,0,"10,746",NA,NA,,106
CDQ,529,BBRKC,2003,,NA,,,,,0,963,NA,NA,,9
harvest,"7,134.20",BBRKC,2003,,CFd,,,,,0,"12,844.40","1,350.40","1,219.60","2,570.00",121.2
total GHL,"4,205",BBRKC,2002,0,68,,,0,0,0,"13,980","1,496.50","1,224.70","2,721.20",113
Open Access,"3,890",BBRKC,2002,,NA,,,,,0,"12,932",NA,NA,,114
CDQ,324,BBRKC,2002,,NA,,,,,0,"1,113",NA,NA,,8
harvest,"4,384.80",BBRKC,2002,,68.2,,,,,0,"14,802.20","1,280.00","1,197.80","2,477.80",117.8
total GHL,"3,243",BBRKC,2001,0,68,,,0,0,0,"12,383","1,360.80","1,224.70","2,585.50",137
Open Access,"3,000",BBRKC,2001,,NA,,,,,0,"11,454",NA,NA,,127
CDQ,280,BBRKC,2001,,NA,,,,,0,852,NA,NA,,10
harvest,"3,866.20",BBRKC,2001,,66.2,,,,,0,"11,456.10","1,441.80","1,242.90","2,684.70",130.7
total GHL,"3,788",BBRKC,2000,0,68,,,0,0,0,"12,927","1,360.80","1,224.70","2,585.50",152
Open Access,"3,504",BBRKC,2000,,NA,,,,,0,"11,958",NA,NA,,141
CDQ,277,BBRKC,2000,,NA,,,,,0,970,NA,NA,,11
harvest,"3,737.90",BBRKC,2000,,57.7,,,,,0,"15,100.70","1,421.60","1,308.50","2,730.10",141.8
total GHL,"4,835",BBRKC,1999,0,91,,,0,0,0,"88,904","1,360.80","1,224.70","2,585.50",36
Open Access,"4,594",BBRKC,1999,,NA,,,,,0,"84,459",NA,NA,,34
CDQ,263,BBRKC,1999,,NA,,,,,0,"4,388",NA,NA,,3
harvest,"5,368.70",BBRKC,1999,,80.3,,,,,0,"88,162.10","1,392.50","1,256.00","2,648.50",10.7
total GHL,"7,439",BBRKC,1998,"1,860",NA,,,0,0,0,"106,186","1,360.80","1,224.70","2,585.50",36
Open Access,"7,167",BBRKC,1998,"1,814",NA,,,,,0,"102,471",NA,NA,,34
CDQ,238,BBRKC,1998,45,NA,,,,,0,"4,031",NA,NA,,3
harvest,"6,805.40",BBRKC,1998,"1,346.50",16.2,,,,,0,"114,459.30","1,473.20",768.4,"2,241.60",13.5
total GHL,"3,175",BBRKC,1997,"2,268",NA,,,0,0,0,"53,070","1,451.50","1,224.70","2,676.20",32
harvest,"4,042.10",BBRKC,1997,"2,109.10",81.3,343.3,232.4,,,0,"54,244.90","1,588.10","1,108.90","2,697.00",42.2
total GHL,"2,268",BBRKC,1996,"1,950",NA,,,997.9,"2,812.30","3,810.20","22,997","1,451.50","1,224.70","2,676.20",154
harvest,"3,866.00",BBRKC,1996,"1,396.60",149.2,90.9,425,368,451.2,819.2,"29,799.30","1,492.70","1,145.30","2,638.00",101.7
total GHL,0,BBRKC,1995,"1,089",NA,,,0,"2,494.80","2,494.80","25,265",680.4,"2,268 - 2,722",,154
harvest,,BBRKC,1995,"1,436.10",155.1,407.3,628.1,,"1,920.10","1,920.10","34,159.70",904.5,"2,252.70","3,157.20",146.4
total GHL,0,BBRKC,1994,"1,361",NA,907,0,0,"3,401.90","3,401.90","47,990",NA,NA,,154
harvest,,BBRKC,1994,"1,707.40",40.4,607.3,,,"3,523.00","3,523.00","67,944.90",794,"2,893.00","3,687.00",148.7
total GHL,"7,620",BBRKC,1993,"1,996",NA,"1,542",0,"4,853.40","4,127.70","8,981.10","93,985",NA,NA,,154
harvest,"6,616.90",BBRKC,1993,"1,362.20",30.6,"1,183.00",,"1,875.40","5,795.30","7,670.70","104,668.40",415.2,"2,102.70","2,517.90",152.3
total GHL,"4,672",BBRKC,1992,"1,406",NA,0,0,"17,281.90",,"17,281.90","151,046",NA,NA,,154
harvest,"3,660.60",BBRKC,1992,"1,123.10",0,,,"15,935.10",,"15,935.10","143,018.80",637,"2,216.60","2,853.60",33.6
total GHL,"8,165",BBRKC,1991,"1,452",NA,0,0,"14,877.80",,"14,877.80","142,882",NA,NA,,154
harvest,"7,791.80",BBRKC,1991,"1,529.50",0,,,"14,421.70",,"14,421.70","149,072.50",688,"2,805.60","3,493.60",0
total GHL,"7,756",BBRKC,1990,862,NA,0,0,"19,413.80",,"19,413.80","63,412",NA,NA,,91
harvest,"9,272.80",BBRKC,1990,782.6,0,,,"18,180.70",,"18,180.70","73,326.20",771,"2,381.70","3,152.70",87.5
total GHL,"7,484",BBRKC,1989,771,NA,0,0,"6,123.50",,"6,123.50","59,874",NA,NA,,91
harvest,"4,607.10",BBRKC,1989,529,CFd,,,"3,167.40",,"3,167.40","67,270.70",840.2,"4,613.00","5,453.20",111.8
total GHL,"3,402",BBRKC,1988,317 - 680,NA,0,0,"2,540.10",,"2,540.10","50,213",NA,NA,,91
harvest,"3,338.90",BBRKC,1988,560.9,CFd,,,"1,041.00",,"1,041.00","60,808.70",701.3,"4,119.00","4,820.30",107.4
total GHL,"3,856 - 8,029",BBRKC,1987,272 - 590,NA,,136 - 771,0,,0,"25,583",NA,NA,,181
harvest,"5,574.20",BBRKC,1987,471.6,CFd,,318.1,,,0,"46,222.70",630,"3,568.90","4,198.90",148.4
total GHL,"2,722 - 5,897",BBRKC,1986,91 - 227,NA,,136 - 363,0,,0,"25,855",NA,NA,,191
harvest,"5,128.40",BBRKC,1986,455,0,,117.5,,,0,"44,308.80",847.8,"5,837.50","6,685.30",217.5
total GHL,"1,361 - 2,268",BBRKC,1985,408 - 862,NA,,136 - 363,"1,360.80",,"1,360.80","44,452",NA,NA,,204
harvest,"1,855.30",BBRKC,1985,986.6,CFd,,239.6,"1,377.50",,"1,377.50","29,941.90",786.5,"5,000.80","5,787.30",193.7
total GHL,"1,134 - 2,722",BBRKC,1984,"907 - 1,814",NA,,227 - 454,"3,220.50",,"3,220.50","22,226",NA,NA,,181
harvest,"1,852.30",BBRKC,1984,"1,707.60",0,,139.1,548,,548,"12,162.20",690,"1,878.40","2,568.40",175.7
total GHL,0,BBRKC,1983,"3,629",NA,,"1,814.40","2,540.10",,"2,540.10","7,167",NA,NA,,136
harvest,,BBRKC,1983,"4,288.40",388.5,,994.9,"2,392.20",,"2,392.20","11,851.70",821.4,"3,686.80","4,508.20",166.9
total GHL,"4,536 - 9,072",BBRKC,1982,NA,NA,,"2,268 - 3,629","5,443 - 7,257",,,"7,257 - 9,979",NA,NA,,227
harvest,"1,356.30",BBRKC,1982,"4,011.90",31.7,,"1,998.20","4,993.50",,"4,993.50","13,315.40",537.5,"3,631.60","4,169.10",103.8
total GHL,"4,536 - 45,359",BBRKC,1981,NA,NA,,"2,268 - 3,629","12,700 - 16,329",,,"17,917 - 41,277",NA,NA,,"1,134"
harvest,"15,137.70",BBRKC,1981,"2,099.10",CF,,"4,119.00","13,440.20",,"13,440.20","23,927.00",52.5,541.6,594.1,625.5
total GHL,"31,752 - 54,431",BBRKC,1980,NA,,,"2,268 - 3,629",,,0,,,,0,454
harvest,"58,943.70",BBRKC,1980,CFd,,,"4,976.10",,,0,,,,0,538.2
total GHL,NA,BBRKC,1979,NA,,,NA,"12,700 - 16,329 ",,,NA,,,0,"1,361"
harvest,"48,910.00",BBRKC,1979,95.6,,,"2,719.40","16,608.00",,"16,608.00","17,949.90",,,0,"1,329.80"
total GHL,NA,BBRKC,1978,NA,,,NA,NA,,,NA,,,0,"1,361"
harvest,"39,743.00",BBRKC,1978,900,,,"2,901.00","19,299.10",,"19,299.10","14,599.80",,,0,948.9
total GHL,NA,BBRKC,1977,NA,,,NA,NA,,,NA,,,0,NA
harvest,"31,736.90",BBRKC,1977,545.2,,,"2,928.70","30,132.60",,"30,132.60",778.4,,,0,234.9
total GHL,NA,BBRKC,1976,,,,NA,NA,,,,,,0,
harvest,"28,993.50",BBRKC,1976,,,,"2,998.70","23,339.70",,"23,339.70",,,,0,
total GHL,NA,BBRKC,1975,,,,NA,NA,,,,,,0,
harvest,"23,281.20",BBRKC,1975,,,,"1,103.90","10,141.50",,"10,141.50",,,,0,
total GHL,NA,BBRKC,1974,,,,NA,NA*,,,,,,0,
harvest,"19,171.70",BBRKC,1974,,,,"3,223.80","3,188.00",,"3,188.00",,,,0,
total GHL,NA,BBRKC,1973,,,,NA,NA,,,,,,0,
harvest,"12,207.80",BBRKC,1973,,,,579,105.1,,105.1,,,,0,
total GHL,NA,BBRKC,197,,,,,NA,,,,,,0,
harvest,"9,863.30",BBRKC,1972,,,,,48.9,,48.9,,,,0,
total GHL,NA,BBRKC,1971,,,,,NA,,,,,,0,
harvest,"5,876.60",BBRKC,1971,,,,,75.3,,75.3,,,,0,
total GHL,NA,BBRKC,1970,,,,,NA,,,,,,0,
harvest,"3,882.40",BBRKC,1970,,,,,460.3,,460.3,,,,0,
total GHL,NA,BBRKC,1969,,,,,NA,,,,,,0,
harvest,"4,718.90",BBRKC,1969,,,,,457.6,,457.6,,,,0,
total GHL,NA,BBRKC,1968,,,,,NA,,,,,,0,
harvest,"3,940.20",BBRKC,1968,,,,,8.1,,8.1,,,,0,
total GHL,NA,BBRKC,1967,,,,,,,0,,,,0,
harvest,"1,407.20",BBRKC,1967,,,,,,,0,,,,0,
total GHL,NA,BBRKC,1966,,,,,,,0,,,,0,
harvest,452.4,BBRKC,1966,,,,,,,0,,,,0,
total GHL,,BBRKC,1965,,,,,,,0,,,,0,
harvest,,BBRKC,1965,,,,,,,0,,,,0,
total GHL,,BBRKC,1964,,,,,,,0,,,,0,
harvest,,BBRKC,1964,,,,,,,0,,,,0,
total GHL,,BBRKC,1963,,,,,,,0,,,,0,
harvest,,BBRKC,1963,,,,,,,0,,,,0,
total GHL,,BBRKC,1962,,,,,,,0,,,,0,
harvest,,BBRKC,1962,,,,,,,0,,,,0,
total GHL,,BBRKC,1961,,,,,,,0,,,,0,
harvest,,BBRKC,1961,,,,,,,0,,,,0,
total GHL,,BBRKC,1960,,,,,,,0,,,,0,
harvest,,BBRKC,1960,,,,,,,0,,,,0,
