crab_year,fishery,size,shell,total
1992,QO92,88,new,1
1992,QO92,89,new,1
1992,QO92,93,new,1
1992,QO92,94,new,5
1992,QO92,95,new,3
1992,QO92,96,new,6
1992,QO92,97,new,4
1992,QO92,98,new,7
1992,QO92,99,new,7
1992,QO92,100,new,10
1992,QO92,101,new,9
1992,QO92,102,new,25
1992,QO92,103,new,21
1992,QO92,104,new,22
1992,QO92,105,new,34
1992,QO92,106,new,34
1992,QO92,107,new,33
1992,QO92,108,new,53
1992,QO92,109,new,51
1992,QO92,110,new,68
1992,QO92,111,new,61
1992,QO92,111,old,1
1992,QO92,112,new,82
1992,QO92,113,new,85
1992,QO92,114,new,115
1992,QO92,115,new,108
1992,QO92,116,new,86
1992,QO92,117,new,120
1992,QO92,118,new,133
1992,QO92,119,new,106
1992,QO92,120,new,176
1992,QO92,121,new,145
1992,QO92,122,new,154
1992,QO92,123,new,93
1992,QO92,124,new,100
1992,QO92,125,new,104
1992,QO92,125,old,1
1992,QO92,126,new,76
1992,QO92,127,new,93
1992,QO92,128,new,64
1992,QO92,129,new,73
1992,QO92,130,new,63
1992,QO92,131,new,62
1992,QO92,132,new,62
1992,QO92,133,new,29
1992,QO92,134,new,33
1992,QO92,135,new,33
1992,QO92,136,new,24
1992,QO92,137,new,27
1992,QO92,138,new,12
1992,QO92,139,new,12
1992,QO92,140,new,14
1992,QO92,141,new,4
1992,QO92,142,new,5
1992,QO92,143,new,6
1992,QO92,145,new,2
1992,QO92,146,new,1
1992,QO92,148,new,2
1992,QO92,151,new,1
1992,QO92,153,new,1
1992,QO92,164,new,1
1993,QO93,11,new,14
1993,QO93,12,new,18
1993,QO93,12,old,1
1993,QO93,15,new,2
1993,QO93,17,new,3
1993,QO93,52,new,1
1993,QO93,54,new,1
1993,QO93,56,new,1
1993,QO93,59,new,2
1993,QO93,60,new,1
1993,QO93,61,new,1
1993,QO93,62,new,6
1993,QO93,62,old,1
1993,QO93,63,new,3
1993,QO93,67,new,1
1993,QO93,68,new,1
1993,QO93,68,old,1
1993,QO93,69,new,4
1993,QO93,69,old,2
1993,QO93,70,new,8
1993,QO93,71,new,12
1993,QO93,71,old,2
1993,QO93,72,new,25
1993,QO93,72,old,4
1993,QO93,73,new,9
1993,QO93,73,old,3
1993,QO93,74,new,20
1993,QO93,74,old,1
1993,QO93,75,new,18
1993,QO93,75,old,2
1993,QO93,76,new,33
1993,QO93,76,old,3
1993,QO93,77,new,50
1993,QO93,77,old,5
1993,QO93,78,new,70
1993,QO93,78,old,10
1993,QO93,79,new,85
1993,QO93,79,old,6
1993,QO93,80,new,121
1993,QO93,80,old,19
1993,QO93,81,new,143
1993,QO93,81,old,8
1993,QO93,82,new,186
1993,QO93,82,old,13
1993,QO93,83,new,178
1993,QO93,83,old,20
1993,QO93,84,new,263
1993,QO93,84,old,21
1993,QO93,85,new,308
1993,QO93,85,old,22
1993,QO93,86,new,378
1993,QO93,86,old,36
1993,QO93,87,new,450
1993,QO93,87,old,44
1993,QO93,88,new,515
1993,QO93,88,old,50
1993,QO93,89,new,571
1993,QO93,89,old,53
1993,QO93,90,new,855
1993,QO93,90,old,85
1993,QO93,91,new,872
1993,QO93,91,old,100
1993,QO93,92,new,1240
1993,QO93,92,old,125
1993,QO93,93,new,1447
1993,QO93,93,old,154
1993,QO93,94,new,1875
1993,QO93,94,old,173
1993,QO93,95,new,2347
1993,QO93,95,old,239
1993,QO93,96,new,2744
1993,QO93,96,old,276
1993,QO93,97,new,3534
1993,QO93,97,old,378
1993,QO93,98,new,4406
1993,QO93,98,old,408
1993,QO93,99,new,4696
1993,QO93,99,old,467
1993,QO93,100,new,7236
1993,QO93,100,old,733
1993,QO93,101,new,7008
1993,QO93,101,old,620
1993,QO93,102,new,9465
1993,QO93,102,old,766
1993,QO93,103,new,10818
1993,QO93,103,old,847
1993,QO93,104,new,13242
1993,QO93,104,old,1000
1993,QO93,105,new,13859
1993,QO93,105,old,966
1993,QO93,106,new,13995
1993,QO93,106,old,993
1993,QO93,107,new,15386
1993,QO93,107,old,912
1993,QO93,108,new,17112
1993,QO93,108,old,987
1993,QO93,109,new,16545
1993,QO93,109,old,936
1993,QO93,110,new,19992
1993,QO93,110,old,1169
1993,QO93,111,new,17849
1993,QO93,111,old,965
1993,QO93,112,new,20466
1993,QO93,112,old,1020
1993,QO93,113,new,19211
1993,QO93,113,old,878
1993,QO93,114,new,19203
1993,QO93,114,old,867
1993,QO93,115,new,19592
1993,QO93,115,old,895
1993,QO93,116,new,17331
1993,QO93,116,old,765
1993,QO93,117,new,17375
1993,QO93,117,old,735
1993,QO93,118,new,16186
1993,QO93,118,old,668
1993,QO93,119,new,13658
1993,QO93,119,old,549
1993,QO93,120,new,14155
1993,QO93,120,old,595
1993,QO93,121,new,10875
1993,QO93,121,old,424
1993,QO93,122,new,10397
1993,QO93,122,old,485
1993,QO93,123,new,8648
1993,QO93,123,old,334
1993,QO93,124,new,7255
1993,QO93,124,old,289
1993,QO93,125,new,5953
1993,QO93,125,old,250
1993,QO93,126,new,4691
1993,QO93,126,old,160
1993,QO93,127,new,3947
1993,QO93,127,old,137
1993,QO93,128,new,2995
1993,QO93,128,old,124
1993,QO93,129,new,2259
1993,QO93,129,old,84
1993,QO93,130,new,1913
1993,QO93,130,old,81
1993,QO93,131,new,1285
1993,QO93,131,old,35
1993,QO93,132,new,1103
1993,QO93,132,old,37
1993,QO93,133,new,716
1993,QO93,133,old,31
1993,QO93,134,new,531
1993,QO93,134,old,28
1993,QO93,135,new,352
1993,QO93,135,old,12
1993,QO93,136,new,258
1993,QO93,136,old,10
1993,QO93,137,new,155
1993,QO93,137,old,7
1993,QO93,138,new,114
1993,QO93,138,old,3
1993,QO93,139,new,62
1993,QO93,139,old,2
1993,QO93,140,new,54
1993,QO93,140,old,2
1993,QO93,141,new,22
1993,QO93,141,old,5
1993,QO93,142,new,16
1993,QO93,143,new,9
1993,QO93,143,old,1
1993,QO93,144,new,7
1993,QO93,144,old,2
1993,QO93,145,new,5
1993,QO93,146,new,1
1993,QO93,147,new,1
1993,QO93,149,old,1
1994,QO94,56,new,1
1994,QO94,58,new,1
1994,QO94,64,new,2
1994,QO94,66,new,1
1994,QO94,67,new,1
1994,QO94,67,old,1
1994,QO94,68,new,5
1994,QO94,69,new,6
1994,QO94,69,old,1
1994,QO94,70,new,17
1994,QO94,71,new,9
1994,QO94,72,new,13
1994,QO94,73,new,8
1994,QO94,74,new,21
1994,QO94,75,new,27
1994,QO94,76,new,32
1994,QO94,76,old,1
1994,QO94,77,new,39
1994,QO94,77,old,2
1994,QO94,78,new,46
1994,QO94,78,old,1
1994,QO94,79,new,63
1994,QO94,79,old,2
1994,QO94,80,new,115
1994,QO94,80,old,2
1994,QO94,81,new,99
1994,QO94,81,old,5
1994,QO94,82,new,104
1994,QO94,82,old,6
1994,QO94,83,new,122
1994,QO94,83,old,4
1994,QO94,84,new,149
1994,QO94,84,old,14
1994,QO94,85,new,190
1994,QO94,85,old,5
1994,QO94,86,new,194
1994,QO94,86,old,10
1994,QO94,87,new,196
1994,QO94,87,old,22
1994,QO94,88,new,282
1994,QO94,88,old,26
1994,QO94,89,new,290
1994,QO94,89,old,21
1994,QO94,90,new,428
1994,QO94,90,old,30
1994,QO94,91,new,452
1994,QO94,91,old,46
1994,QO94,92,new,633
1994,QO94,92,old,49
1994,QO94,93,new,771
1994,QO94,93,old,76
1994,QO94,94,new,925
1994,QO94,94,old,60
1994,QO94,95,new,1222
1994,QO94,95,old,99
1994,QO94,96,new,1544
1994,QO94,96,old,119
1994,QO94,97,new,1781
1994,QO94,97,old,157
1994,QO94,98,new,2570
1994,QO94,98,old,258
1994,QO94,99,new,2515
1994,QO94,99,old,284
1994,QO94,100,new,3870
1994,QO94,100,old,337
1994,QO94,101,new,3796
1994,QO94,101,old,372
1994,QO94,102,new,4670
1994,QO94,102,old,460
1994,QO94,103,new,5191
1994,QO94,103,old,484
1994,QO94,104,new,6293
1994,QO94,104,old,609
1994,QO94,105,new,6667
1994,QO94,105,old,553
1994,QO94,106,new,6810
1994,QO94,106,old,573
1994,QO94,107,new,6413
1994,QO94,107,old,564
1994,QO94,108,new,7360
1994,QO94,108,old,567
1994,QO94,109,new,6585
1994,QO94,109,old,545
1994,QO94,110,new,7877
1994,QO94,110,old,608
1994,QO94,111,new,6793
1994,QO94,111,old,529
1994,QO94,112,new,7501
1994,QO94,112,old,541
1994,QO94,113,new,6750
1994,QO94,113,old,493
1994,QO94,114,new,6655
1994,QO94,114,old,461
1994,QO94,115,new,7001
1994,QO94,115,old,433
1994,QO94,116,new,5794
1994,QO94,116,old,389
1994,QO94,117,new,5806
1994,QO94,117,old,336
1994,QO94,118,new,5419
1994,QO94,118,old,293
1994,QO94,119,new,4451
1994,QO94,119,old,260
1994,QO94,120,new,4707
1994,QO94,120,old,266
1994,QO94,121,new,3484
1994,QO94,121,old,196
1994,QO94,122,new,3351
1994,QO94,122,old,178
1994,QO94,123,new,2662
1994,QO94,123,old,117
1994,QO94,124,new,2298
1994,QO94,124,old,105
1994,QO94,125,new,1905
1994,QO94,125,old,105
1994,QO94,126,new,1485
1994,QO94,126,old,83
1994,QO94,127,new,1168
1994,QO94,127,old,54
1994,QO94,128,new,1001
1994,QO94,128,old,42
1994,QO94,129,new,620
1994,QO94,129,old,34
1994,QO94,130,new,624
1994,QO94,130,old,16
1994,QO94,131,new,317
1994,QO94,131,old,11
1994,QO94,132,new,299
1994,QO94,132,old,7
1994,QO94,133,new,179
1994,QO94,133,old,8
1994,QO94,134,new,142
1994,QO94,135,new,112
1994,QO94,135,old,5
1994,QO94,136,new,56
1994,QO94,136,old,2
1994,QO94,137,new,51
1994,QO94,137,old,1
1994,QO94,138,new,34
1994,QO94,139,new,24
1994,QO94,140,new,10
1994,QO94,141,new,10
1994,QO94,141,old,1
1994,QO94,142,new,7
1994,QO94,143,new,6
1994,QO94,144,new,6
1994,QO94,146,new,1
1994,QO94,150,new,15
1995,QO95,41,old,1
1995,QO95,43,old,1
1995,QO95,51,new,1
1995,QO95,52,old,1
1995,QO95,54,new,1
1995,QO95,55,old,1
1995,QO95,61,new,2
1995,QO95,65,old,1
1995,QO95,66,new,1
1995,QO95,67,new,1
1995,QO95,68,new,5
1995,QO95,69,new,1
1995,QO95,70,new,8
1995,QO95,70,old,1
1995,QO95,71,new,13
1995,QO95,72,new,19
1995,QO95,73,new,16
1995,QO95,73,old,1
1995,QO95,74,new,31
1995,QO95,74,old,2
1995,QO95,75,new,42
1995,QO95,76,new,43
1995,QO95,76,old,1
1995,QO95,77,new,58
1995,QO95,78,new,68
1995,QO95,78,old,1
1995,QO95,79,new,102
1995,QO95,79,old,2
1995,QO95,80,new,141
1995,QO95,80,old,5
1995,QO95,81,new,128
1995,QO95,81,old,5
1995,QO95,82,new,148
1995,QO95,82,old,2
1995,QO95,83,new,157
1995,QO95,83,old,3
1995,QO95,84,new,190
1995,QO95,84,old,6
1995,QO95,85,new,223
1995,QO95,85,old,6
1995,QO95,86,new,239
1995,QO95,86,old,11
1995,QO95,87,new,231
1995,QO95,87,old,8
1995,QO95,88,new,274
1995,QO95,88,old,13
1995,QO95,89,new,326
1995,QO95,89,old,28
1995,QO95,90,new,501
1995,QO95,90,old,25
1995,QO95,91,new,445
1995,QO95,91,old,52
1995,QO95,92,new,653
1995,QO95,92,old,62
1995,QO95,93,new,748
1995,QO95,93,old,62
1995,QO95,94,new,1079
1995,QO95,94,old,107
1995,QO95,95,new,1366
1995,QO95,95,old,142
1995,QO95,96,new,1495
1995,QO95,96,old,177
1995,QO95,97,new,1750
1995,QO95,97,old,203
1995,QO95,98,new,2274
1995,QO95,98,old,258
1995,QO95,99,new,2149
1995,QO95,99,old,231
1995,QO95,100,new,2929
1995,QO95,100,old,328
1995,QO95,101,new,2721
1995,QO95,101,old,345
1995,QO95,102,new,3444
1995,QO95,102,old,374
1995,QO95,103,new,3737
1995,QO95,103,old,406
1995,QO95,104,new,3726
1995,QO95,104,old,440
1995,QO95,105,new,4017
1995,QO95,105,old,433
1995,QO95,106,new,3639
1995,QO95,106,old,435
1995,QO95,107,new,3619
1995,QO95,107,old,469
1995,QO95,108,new,4046
1995,QO95,108,old,445
1995,QO95,109,new,3525
1995,QO95,109,old,443
1995,QO95,110,new,3933
1995,QO95,110,old,489
1995,QO95,111,new,3321
1995,QO95,111,old,414
1995,QO95,112,new,3508
1995,QO95,112,old,462
1995,QO95,113,new,3446
1995,QO95,113,old,471
1995,QO95,114,new,2917
1995,QO95,114,old,394
1995,QO95,115,new,3113
1995,QO95,115,old,389
1995,QO95,116,new,2652
1995,QO95,116,old,301
1995,QO95,117,new,2706
1995,QO95,117,old,366
1995,QO95,118,new,2547
1995,QO95,118,old,328
1995,QO95,119,new,2055
1995,QO95,119,old,265
1995,QO95,120,new,2132
1995,QO95,120,old,235
1995,QO95,121,new,1773
1995,QO95,121,old,227
1995,QO95,122,new,1692
1995,QO95,122,old,212
1995,QO95,123,new,1401
1995,QO95,123,old,151
1995,QO95,124,new,1153
1995,QO95,124,old,134
1995,QO95,125,new,1040
1995,QO95,125,old,98
1995,QO95,126,new,784
1995,QO95,126,old,98
1995,QO95,127,new,623
1995,QO95,127,old,78
1995,QO95,128,new,548
1995,QO95,128,old,52
1995,QO95,129,new,414
1995,QO95,129,old,36
1995,QO95,130,new,349
1995,QO95,130,old,27
1995,QO95,131,new,198
1995,QO95,131,old,24
1995,QO95,132,new,214
1995,QO95,132,old,10
1995,QO95,133,new,117
1995,QO95,133,old,9
1995,QO95,134,new,85
1995,QO95,134,old,5
1995,QO95,135,new,79
1995,QO95,135,old,5
1995,QO95,136,new,38
1995,QO95,136,old,6
1995,QO95,137,new,31
1995,QO95,137,old,2
1995,QO95,138,new,20
1995,QO95,139,new,10
1995,QO95,139,old,1
1995,QO95,140,new,7
1995,QO95,140,old,2
1995,QO95,141,new,1
1995,QO95,141,old,1
1995,QO95,142,new,3
1995,QO95,143,new,1
1995,QO95,144,new,1
1995,QO95,146,new,1
1995,QO95,150,new,2
1995,QO95,167,new,1
1996,QO96,58,old,1
1996,QO96,61,new,1
1996,QO96,62,new,1
1996,QO96,62,old,1
1996,QO96,64,new,1
1996,QO96,65,old,1
1996,QO96,66,new,1
1996,QO96,67,new,2
1996,QO96,67,old,2
1996,QO96,68,new,5
1996,QO96,68,old,1
1996,QO96,69,new,2
1996,QO96,69,old,2
1996,QO96,70,new,4
1996,QO96,71,new,5
1996,QO96,72,new,11
1996,QO96,72,old,5
1996,QO96,73,new,8
1996,QO96,73,old,1
1996,QO96,74,new,19
1996,QO96,74,old,2
1996,QO96,75,new,24
1996,QO96,75,old,3
1996,QO96,76,new,25
1996,QO96,76,old,7
1996,QO96,77,new,31
1996,QO96,77,old,6
1996,QO96,78,new,35
1996,QO96,78,old,5
1996,QO96,79,new,68
1996,QO96,79,old,8
1996,QO96,80,new,70
1996,QO96,80,old,19
1996,QO96,81,new,75
1996,QO96,81,old,7
1996,QO96,82,new,138
1996,QO96,82,old,17
1996,QO96,83,new,144
1996,QO96,83,old,14
1996,QO96,84,new,190
1996,QO96,84,old,7
1996,QO96,85,new,263
1996,QO96,85,old,15
1996,QO96,86,new,268
1996,QO96,86,old,20
1996,QO96,87,new,310
1996,QO96,87,old,31
1996,QO96,88,new,358
1996,QO96,88,old,38
1996,QO96,89,new,367
1996,QO96,89,old,59
1996,QO96,90,new,482
1996,QO96,90,old,50
1996,QO96,91,new,509
1996,QO96,91,old,91
1996,QO96,92,new,703
1996,QO96,92,old,96
1996,QO96,93,new,818
1996,QO96,93,old,146
1996,QO96,94,new,1025
1996,QO96,94,old,148
1996,QO96,95,new,1302
1996,QO96,95,old,232
1996,QO96,96,new,1426
1996,QO96,96,old,266
1996,QO96,97,new,1838
1996,QO96,97,old,380
1996,QO96,98,new,2004
1996,QO96,98,old,420
1996,QO96,99,new,2058
1996,QO96,99,old,436
1996,QO96,100,new,2670
1996,QO96,100,old,609
1996,QO96,101,new,2408
1996,QO96,101,old,708
1996,QO96,102,new,3016
1996,QO96,102,old,797
1996,QO96,103,new,3352
1996,QO96,103,old,923
1996,QO96,104,new,3331
1996,QO96,104,old,1058
1996,QO96,105,new,3185
1996,QO96,105,old,1090
1996,QO96,106,new,2934
1996,QO96,106,old,1029
1996,QO96,107,new,3082
1996,QO96,107,old,1152
1996,QO96,108,new,3304
1996,QO96,108,old,1233
1996,QO96,109,new,2611
1996,QO96,109,old,1030
1996,QO96,110,new,3016
1996,QO96,110,old,1234
1996,QO96,111,new,2481
1996,QO96,111,old,1039
1996,QO96,112,new,2641
1996,QO96,112,old,1085
1996,QO96,113,new,2541
1996,QO96,113,old,1060
1996,QO96,114,new,2246
1996,QO96,114,old,882
1996,QO96,115,new,2125
1996,QO96,115,old,930
1996,QO96,116,new,1895
1996,QO96,116,old,775
1996,QO96,117,new,1892
1996,QO96,117,old,725
1996,QO96,118,new,1725
1996,QO96,118,old,685
1996,QO96,119,new,1284
1996,QO96,119,old,503
1996,QO96,120,new,1319
1996,QO96,120,old,519
1996,QO96,121,new,1053
1996,QO96,121,old,385
1996,QO96,122,new,1016
1996,QO96,122,old,324
1996,QO96,123,new,882
1996,QO96,123,old,300
1996,QO96,124,new,736
1996,QO96,124,old,216
1996,QO96,125,new,528
1996,QO96,125,old,184
1996,QO96,126,new,431
1996,QO96,126,old,122
1996,QO96,127,new,353
1996,QO96,127,old,94
1996,QO96,128,new,248
1996,QO96,128,old,86
1996,QO96,129,new,196
1996,QO96,129,old,66
1996,QO96,130,new,187
1996,QO96,130,old,42
1996,QO96,131,new,117
1996,QO96,131,old,25
1996,QO96,132,new,95
1996,QO96,132,old,13
1996,QO96,133,new,54
1996,QO96,133,old,12
1996,QO96,134,new,44
1996,QO96,134,old,14
1996,QO96,135,new,20
1996,QO96,135,old,6
1996,QO96,136,new,13
1996,QO96,136,old,3
1996,QO96,137,new,13
1996,QO96,137,old,4
1996,QO96,138,new,9
1996,QO96,138,old,1
1996,QO96,139,new,6
1996,QO96,140,new,7
1996,QO96,140,old,2
1996,QO96,141,new,1
1996,QO96,143,new,2
1997,QO97,65,old,1
1997,QO97,67,new,1
1997,QO97,69,new,3
1997,QO97,70,new,1
1997,QO97,70,old,1
1997,QO97,71,new,1
1997,QO97,72,new,3
1997,QO97,73,new,3
1997,QO97,74,new,4
1997,QO97,75,new,9
1997,QO97,75,old,4
1997,QO97,76,new,5
1997,QO97,77,new,11
1997,QO97,77,old,2
1997,QO97,78,new,16
1997,QO97,78,old,1
1997,QO97,79,new,13
1997,QO97,79,old,3
1997,QO97,80,new,19
1997,QO97,80,old,2
1997,QO97,81,new,27
1997,QO97,81,old,4
1997,QO97,82,new,36
1997,QO97,82,old,2
1997,QO97,83,new,51
1997,QO97,83,old,6
1997,QO97,84,new,64
1997,QO97,84,old,2
1997,QO97,85,new,93
1997,QO97,85,old,3
1997,QO97,86,new,97
1997,QO97,86,old,4
1997,QO97,87,new,124
1997,QO97,87,old,2
1997,QO97,88,new,181
1997,QO97,88,old,7
1997,QO97,89,new,179
1997,QO97,89,old,3
1997,QO97,90,new,291
1997,QO97,90,old,11
1997,QO97,91,new,328
1997,QO97,91,old,10
1997,QO97,92,new,536
1997,QO97,92,old,10
1997,QO97,93,new,693
1997,QO97,93,old,16
1997,QO97,94,new,894
1997,QO97,94,old,20
1997,QO97,95,new,1313
1997,QO97,95,old,25
1997,QO97,96,new,1594
1997,QO97,96,old,36
1997,QO97,97,new,2399
1997,QO97,97,old,57
1997,QO97,98,new,3276
1997,QO97,98,old,81
1997,QO97,99,new,3336
1997,QO97,99,old,83
1997,QO97,100,new,5138
1997,QO97,100,old,150
1997,QO97,101,new,5332
1997,QO97,101,old,162
1997,QO97,102,new,6842
1997,QO97,102,old,184
1997,QO97,103,new,7187
1997,QO97,103,old,209
1997,QO97,104,new,7017
1997,QO97,104,old,189
1997,QO97,105,new,7405
1997,QO97,105,old,197
1997,QO97,106,new,6280
1997,QO97,106,old,180
1997,QO97,107,new,6726
1997,QO97,107,old,220
1997,QO97,108,new,6816
1997,QO97,108,old,229
1997,QO97,109,new,5291
1997,QO97,109,old,167
1997,QO97,110,new,5890
1997,QO97,110,old,210
1997,QO97,111,new,4735
1997,QO97,111,old,160
1997,QO97,112,new,4802
1997,QO97,112,old,185
1997,QO97,113,new,4183
1997,QO97,113,old,186
1997,QO97,114,new,3565
1997,QO97,114,old,161
1997,QO97,115,new,3430
1997,QO97,115,old,118
1997,QO97,116,new,2639
1997,QO97,116,old,133
1997,QO97,117,new,2602
1997,QO97,117,old,120
1997,QO97,118,new,2355
1997,QO97,118,old,136
1997,QO97,119,new,1744
1997,QO97,119,old,95
1997,QO97,120,new,1556
1997,QO97,120,old,101
1997,QO97,121,new,1265
1997,QO97,121,old,88
1997,QO97,122,new,1083
1997,QO97,122,old,82
1997,QO97,123,new,953
1997,QO97,123,old,76
1997,QO97,124,new,670
1997,QO97,124,old,60
1997,QO97,125,new,572
1997,QO97,125,old,49
1997,QO97,126,new,413
1997,QO97,126,old,44
1997,QO97,127,new,335
1997,QO97,127,old,31
1997,QO97,128,new,255
1997,QO97,128,old,26
1997,QO97,129,new,165
1997,QO97,129,old,25
1997,QO97,130,new,151
1997,QO97,130,old,14
1997,QO97,131,new,83
1997,QO97,131,old,11
1997,QO97,132,new,82
1997,QO97,132,old,9
1997,QO97,133,new,34
1997,QO97,133,old,8
1997,QO97,134,new,26
1997,QO97,134,old,4
1997,QO97,135,new,18
1997,QO97,135,old,5
1997,QO97,136,new,17
1997,QO97,136,old,2
1997,QO97,137,new,8
1997,QO97,137,old,1
1997,QO97,138,new,4
1997,QO97,139,new,6
1997,QO97,139,old,2
1997,QO97,140,new,3
1997,QO97,141,new,1
1997,QO97,141,old,1
1997,QO97,142,new,1
1997,QO97,143,new,1
1998,QO98,60,new,1
1998,QO98,65,new,2
1998,QO98,67,old,1
1998,QO98,68,old,1
1998,QO98,70,new,2
1998,QO98,71,new,3
1998,QO98,72,new,6
1998,QO98,73,new,6
1998,QO98,73,old,1
1998,QO98,74,new,3
1998,QO98,74,old,2
1998,QO98,75,new,7
1998,QO98,75,old,4
1998,QO98,76,new,6
1998,QO98,76,old,4
1998,QO98,77,new,12
1998,QO98,77,old,6
1998,QO98,78,new,11
1998,QO98,78,old,2
1998,QO98,79,new,11
1998,QO98,80,new,15
1998,QO98,80,old,5
1998,QO98,81,new,17
1998,QO98,81,old,3
1998,QO98,82,new,10
1998,QO98,82,old,5
1998,QO98,83,new,25
1998,QO98,83,old,3
1998,QO98,84,new,21
1998,QO98,84,old,9
1998,QO98,85,new,38
1998,QO98,85,old,7
1998,QO98,86,new,45
1998,QO98,86,old,8
1998,QO98,87,new,42
1998,QO98,87,old,16
1998,QO98,88,new,80
1998,QO98,88,old,14
1998,QO98,89,new,70
1998,QO98,89,old,16
1998,QO98,90,new,113
1998,QO98,90,old,25
1998,QO98,91,new,138
1998,QO98,91,old,24
1998,QO98,92,new,205
1998,QO98,92,old,20
1998,QO98,93,new,285
1998,QO98,93,old,22
1998,QO98,94,new,477
1998,QO98,94,old,28
1998,QO98,95,new,697
1998,QO98,95,old,51
1998,QO98,96,new,878
1998,QO98,96,old,49
1998,QO98,97,new,1501
1998,QO98,97,old,93
1998,QO98,98,new,2031
1998,QO98,98,old,95
1998,QO98,99,new,2217
1998,QO98,99,old,100
1998,QO98,100,new,3593
1998,QO98,100,old,166
1998,QO98,101,new,3998
1998,QO98,101,old,136
1998,QO98,102,new,5844
1998,QO98,102,old,177
1998,QO98,103,new,6808
1998,QO98,103,old,223
1998,QO98,104,new,7659
1998,QO98,104,old,229
1998,QO98,105,new,8252
1998,QO98,105,old,241
1998,QO98,106,new,8014
1998,QO98,106,old,216
1998,QO98,107,new,8867
1998,QO98,107,old,224
1998,QO98,108,new,10072
1998,QO98,108,old,226
1998,QO98,109,new,8119
1998,QO98,109,old,196
1998,QO98,110,new,9749
1998,QO98,110,old,177
1998,QO98,111,new,8305
1998,QO98,111,old,166
1998,QO98,112,new,9459
1998,QO98,112,old,192
1998,QO98,113,new,8472
1998,QO98,113,old,147
1998,QO98,114,new,7394
1998,QO98,114,old,120
1998,QO98,115,new,7646
1998,QO98,115,old,133
1998,QO98,116,new,6204
1998,QO98,116,old,99
1998,QO98,117,new,6323
1998,QO98,117,old,108
1998,QO98,118,new,5870
1998,QO98,118,old,115
1998,QO98,119,new,4130
1998,QO98,119,old,62
1998,QO98,120,new,4386
1998,QO98,120,old,57
1998,QO98,121,new,3122
1998,QO98,121,old,43
1998,QO98,122,new,3191
1998,QO98,122,old,40
1998,QO98,123,new,2585
1998,QO98,123,old,46
1998,QO98,124,new,2045
1998,QO98,124,old,21
1998,QO98,125,new,1825
1998,QO98,125,old,21
1998,QO98,126,new,1362
1998,QO98,126,old,15
1998,QO98,127,new,1170
1998,QO98,127,old,17
1998,QO98,128,new,971
1998,QO98,128,old,13
1998,QO98,129,new,562
1998,QO98,129,old,9
1998,QO98,130,new,587
1998,QO98,130,old,4
1998,QO98,131,new,350
1998,QO98,131,old,5
1998,QO98,132,new,319
1998,QO98,132,old,4
1998,QO98,133,new,187
1998,QO98,133,old,1
1998,QO98,134,new,127
1998,QO98,134,old,1
1998,QO98,135,new,105
1998,QO98,135,old,2
1998,QO98,136,new,56
1998,QO98,137,new,40
1998,QO98,138,new,26
1998,QO98,138,old,1
1998,QO98,139,new,14
1998,QO98,140,new,3
1998,QO98,141,new,2
1998,QO98,142,new,1
1998,QO98,143,new,2
1998,QO98,144,new,1
1998,QO98,146,new,1
1998,QO98,149,new,1
1998,QO98,150,new,1
1999,QO99,60,old,1
1999,QO99,62,old,1
1999,QO99,63,new,1
1999,QO99,66,new,1
1999,QO99,67,old,1
1999,QO99,69,new,1
1999,QO99,69,old,1
1999,QO99,70,new,2
1999,QO99,70,old,1
1999,QO99,71,new,2
1999,QO99,71,old,1
1999,QO99,72,new,3
1999,QO99,72,old,1
1999,QO99,73,new,1
1999,QO99,74,new,2
1999,QO99,74,old,1
1999,QO99,75,new,3
1999,QO99,75,old,1
1999,QO99,76,new,2
1999,QO99,76,old,2
1999,QO99,77,new,1
1999,QO99,77,old,1
1999,QO99,78,new,5
1999,QO99,78,old,1
1999,QO99,79,new,9
1999,QO99,79,old,7
1999,QO99,80,new,8
1999,QO99,80,old,5
1999,QO99,81,new,15
1999,QO99,81,old,4
1999,QO99,82,new,16
1999,QO99,82,old,6
1999,QO99,83,new,11
1999,QO99,83,old,4
1999,QO99,84,new,18
1999,QO99,84,old,14
1999,QO99,85,new,30
1999,QO99,85,old,6
1999,QO99,86,new,30
1999,QO99,86,old,9
1999,QO99,87,new,49
1999,QO99,87,old,7
1999,QO99,88,new,64
1999,QO99,88,old,16
1999,QO99,89,new,64
1999,QO99,89,old,11
1999,QO99,90,new,130
1999,QO99,90,old,16
1999,QO99,91,new,139
1999,QO99,91,old,21
1999,QO99,92,new,209
1999,QO99,92,old,23
1999,QO99,93,new,306
1999,QO99,93,old,45
1999,QO99,94,new,444
1999,QO99,94,old,40
1999,QO99,95,new,600
1999,QO99,95,old,61
1999,QO99,96,new,820
1999,QO99,96,old,52
1999,QO99,97,new,1486
1999,QO99,97,old,67
1999,QO99,98,new,1859
1999,QO99,98,old,101
1999,QO99,99,new,1965
1999,QO99,99,old,99
1999,QO99,100,new,3199
1999,QO99,100,old,131
1999,QO99,101,new,3347
1999,QO99,101,old,115
1999,QO99,102,new,4994
1999,QO99,102,old,139
1999,QO99,103,new,5736
1999,QO99,103,old,170
1999,QO99,104,new,6542
1999,QO99,104,old,182
1999,QO99,105,new,6925
1999,QO99,105,old,182
1999,QO99,106,new,6601
1999,QO99,106,old,154
1999,QO99,107,new,7913
1999,QO99,107,old,195
1999,QO99,108,new,8496
1999,QO99,108,old,169
1999,QO99,109,new,6723
1999,QO99,109,old,153
1999,QO99,110,new,8246
1999,QO99,110,old,172
1999,QO99,111,new,6791
1999,QO99,111,old,154
1999,QO99,112,new,7898
1999,QO99,112,old,167
1999,QO99,113,new,7207
1999,QO99,113,old,133
1999,QO99,114,new,6894
1999,QO99,114,old,124
1999,QO99,115,new,6509
1999,QO99,115,old,109
1999,QO99,116,new,5309
1999,QO99,116,old,88
1999,QO99,117,new,5780
1999,QO99,117,old,103
1999,QO99,118,new,4917
1999,QO99,118,old,64
1999,QO99,119,new,3460
1999,QO99,119,old,50
1999,QO99,120,new,3472
1999,QO99,120,old,68
1999,QO99,121,new,2499
1999,QO99,121,old,57
1999,QO99,122,new,2372
1999,QO99,122,old,46
1999,QO99,123,new,2033
1999,QO99,123,old,38
1999,QO99,124,new,1480
1999,QO99,124,old,22
1999,QO99,125,new,1174
1999,QO99,125,old,21
1999,QO99,126,new,895
1999,QO99,126,old,15
1999,QO99,127,new,672
1999,QO99,127,old,13
1999,QO99,128,new,480
1999,QO99,128,old,6
1999,QO99,129,new,348
1999,QO99,129,old,9
1999,QO99,130,new,279
1999,QO99,130,old,1
1999,QO99,131,new,184
1999,QO99,131,old,4
1999,QO99,132,new,124
1999,QO99,132,old,3
1999,QO99,133,new,81
1999,QO99,133,old,1
1999,QO99,134,new,52
1999,QO99,134,old,2
1999,QO99,135,new,32
1999,QO99,135,old,1
1999,QO99,136,new,22
1999,QO99,137,new,13
1999,QO99,137,old,1
1999,QO99,138,new,10
1999,QO99,139,new,9
1999,QO99,140,new,1
1999,QO99,141,new,1
1999,QO99,142,new,1
1999,QO99,143,new,1
1999,QO99,144,new,1
2000,QO00,61,new,1
2000,QO00,61,old,1
2000,QO00,63,new,1
2000,QO00,66,new,1
2000,QO00,68,new,2
2000,QO00,68,old,1
2000,QO00,69,new,1
2000,QO00,70,new,2
2000,QO00,72,new,2
2000,QO00,73,old,1
2000,QO00,75,new,1
2000,QO00,76,new,3
2000,QO00,77,new,2
2000,QO00,78,new,2
2000,QO00,78,old,1
2000,QO00,79,new,4
2000,QO00,80,new,2
2000,QO00,81,new,3
2000,QO00,81,old,2
2000,QO00,82,new,7
2000,QO00,82,old,1
2000,QO00,83,new,7
2000,QO00,84,new,6
2000,QO00,84,old,2
2000,QO00,85,new,6
2000,QO00,86,new,5
2000,QO00,86,old,2
2000,QO00,87,new,5
2000,QO00,87,old,1
2000,QO00,88,new,12
2000,QO00,89,new,10
2000,QO00,90,new,15
2000,QO00,90,old,6
2000,QO00,91,new,23
2000,QO00,91,old,4
2000,QO00,92,new,38
2000,QO00,92,old,4
2000,QO00,93,new,36
2000,QO00,93,old,6
2000,QO00,94,new,49
2000,QO00,94,old,9
2000,QO00,95,new,75
2000,QO00,95,old,11
2000,QO00,96,new,132
2000,QO00,96,old,20
2000,QO00,97,new,181
2000,QO00,97,old,24
2000,QO00,98,new,247
2000,QO00,98,old,23
2000,QO00,99,new,264
2000,QO00,99,old,40
2000,QO00,100,new,462
2000,QO00,100,old,48
2000,QO00,101,new,493
2000,QO00,101,old,43
2000,QO00,102,new,668
2000,QO00,102,old,60
2000,QO00,103,new,871
2000,QO00,103,old,61
2000,QO00,104,new,987
2000,QO00,104,old,80
2000,QO00,105,new,1054
2000,QO00,105,old,65
2000,QO00,106,new,1088
2000,QO00,106,old,60
2000,QO00,107,new,1212
2000,QO00,107,old,68
2000,QO00,108,new,1353
2000,QO00,108,old,65
2000,QO00,109,new,1236
2000,QO00,109,old,51
2000,QO00,110,new,1482
2000,QO00,110,old,66
2000,QO00,111,new,1357
2000,QO00,111,old,60
2000,QO00,112,new,1531
2000,QO00,112,old,48
2000,QO00,113,new,1446
2000,QO00,113,old,51
2000,QO00,114,new,1455
2000,QO00,114,old,43
2000,QO00,115,new,1366
2000,QO00,115,old,44
2000,QO00,116,new,1201
2000,QO00,116,old,38
2000,QO00,117,new,1169
2000,QO00,117,old,30
2000,QO00,118,new,1042
2000,QO00,118,old,24
2000,QO00,119,new,843
2000,QO00,119,old,33
2000,QO00,120,new,806
2000,QO00,120,old,34
2000,QO00,121,new,638
2000,QO00,121,old,15
2000,QO00,122,new,604
2000,QO00,122,old,25
2000,QO00,123,new,535
2000,QO00,123,old,17
2000,QO00,124,new,361
2000,QO00,124,old,13
2000,QO00,125,new,272
2000,QO00,125,old,15
2000,QO00,126,new,187
2000,QO00,126,old,4
2000,QO00,127,new,172
2000,QO00,127,old,8
2000,QO00,128,new,111
2000,QO00,128,old,10
2000,QO00,129,new,77
2000,QO00,129,old,5
2000,QO00,130,new,57
2000,QO00,130,old,6
2000,QO00,131,new,57
2000,QO00,131,old,4
2000,QO00,132,new,37
2000,QO00,133,new,23
2000,QO00,133,old,1
2000,QO00,134,new,15
2000,QO00,135,new,5
2000,QO00,135,old,1
2000,QO00,136,new,4
2000,QO00,136,old,1
2000,QO00,137,new,1
2000,QO00,138,new,2
2000,QO00,139,new,1
2000,QO00,142,new,1
2000,QO00,144,old,1
2001,QO01,62,new,1
2001,QO01,71,new,1
2001,QO01,73,old,1
2001,QO01,74,new,1
2001,QO01,75,new,1
2001,QO01,76,new,4
2001,QO01,76,old,1
2001,QO01,77,new,3
2001,QO01,78,new,3
2001,QO01,78,old,1
2001,QO01,79,new,3
2001,QO01,80,new,5
2001,QO01,80,old,2
2001,QO01,81,new,5
2001,QO01,81,old,1
2001,QO01,82,new,8
2001,QO01,82,old,1
2001,QO01,83,new,8
2001,QO01,83,old,3
2001,QO01,84,new,9
2001,QO01,85,new,16
2001,QO01,86,new,14
2001,QO01,86,old,3
2001,QO01,87,new,19
2001,QO01,87,old,2
2001,QO01,88,new,19
2001,QO01,88,old,3
2001,QO01,89,new,16
2001,QO01,89,old,4
2001,QO01,90,new,28
2001,QO01,90,old,3
2001,QO01,91,new,20
2001,QO01,91,old,7
2001,QO01,92,new,31
2001,QO01,92,old,4
2001,QO01,93,new,44
2001,QO01,93,old,7
2001,QO01,94,new,57
2001,QO01,94,old,6
2001,QO01,95,new,69
2001,QO01,95,old,16
2001,QO01,96,new,104
2001,QO01,96,old,9
2001,QO01,97,new,126
2001,QO01,97,old,23
2001,QO01,98,new,201
2001,QO01,98,old,37
2001,QO01,99,new,218
2001,QO01,99,old,31
2001,QO01,100,new,365
2001,QO01,100,old,32
2001,QO01,101,new,440
2001,QO01,101,old,54
2001,QO01,102,new,643
2001,QO01,102,old,69
2001,QO01,103,new,702
2001,QO01,103,old,97
2001,QO01,104,new,807
2001,QO01,104,old,103
2001,QO01,105,new,928
2001,QO01,105,old,100
2001,QO01,106,new,860
2001,QO01,106,old,99
2001,QO01,107,new,1137
2001,QO01,107,old,120
2001,QO01,108,new,1192
2001,QO01,108,old,131
2001,QO01,109,new,1061
2001,QO01,109,old,131
2001,QO01,110,new,1316
2001,QO01,110,old,134
2001,QO01,111,new,1160
2001,QO01,111,old,110
2001,QO01,112,new,1415
2001,QO01,112,old,165
2001,QO01,113,new,1390
2001,QO01,113,old,120
2001,QO01,114,new,1340
2001,QO01,114,old,110
2001,QO01,115,new,1352
2001,QO01,115,old,119
2001,QO01,116,new,1205
2001,QO01,116,old,87
2001,QO01,117,new,1464
2001,QO01,117,old,108
2001,QO01,118,new,1144
2001,QO01,118,old,81
2001,QO01,119,new,1000
2001,QO01,119,old,82
2001,QO01,120,new,1007
2001,QO01,120,old,71
2001,QO01,121,new,737
2001,QO01,121,old,56
2001,QO01,122,new,760
2001,QO01,122,old,41
2001,QO01,123,new,688
2001,QO01,123,old,40
2001,QO01,124,new,499
2001,QO01,124,old,34
2001,QO01,125,new,349
2001,QO01,125,old,28
2001,QO01,126,new,292
2001,QO01,126,old,27
2001,QO01,127,new,270
2001,QO01,127,old,21
2001,QO01,128,new,174
2001,QO01,128,old,14
2001,QO01,129,new,106
2001,QO01,129,old,11
2001,QO01,130,new,105
2001,QO01,130,old,8
2001,QO01,131,new,69
2001,QO01,131,old,6
2001,QO01,132,new,56
2001,QO01,133,new,35
2001,QO01,134,new,20
2001,QO01,135,new,19
2001,QO01,135,old,3
2001,QO01,136,new,9
2001,QO01,136,old,1
2001,QO01,137,new,7
2001,QO01,137,old,1
2001,QO01,138,new,3
2001,QO01,139,new,2
2001,QO01,141,new,3
2002,QO02,58,old,1
2002,QO02,67,new,1
2002,QO02,68,new,1
2002,QO02,69,new,1
2002,QO02,70,new,1
2002,QO02,71,new,1
2002,QO02,73,old,1
2002,QO02,74,new,4
2002,QO02,75,new,2
2002,QO02,76,new,2
2002,QO02,77,new,3
2002,QO02,78,new,5
2002,QO02,79,new,11
2002,QO02,79,old,1
2002,QO02,80,new,6
2002,QO02,80,old,1
2002,QO02,81,new,9
2002,QO02,81,old,1
2002,QO02,82,new,11
2002,QO02,82,old,2
2002,QO02,83,new,9
2002,QO02,84,new,13
2002,QO02,85,new,19
2002,QO02,85,old,2
2002,QO02,86,new,10
2002,QO02,86,old,4
2002,QO02,87,new,22
2002,QO02,87,old,5
2002,QO02,88,new,18
2002,QO02,88,old,3
2002,QO02,89,new,28
2002,QO02,89,old,5
2002,QO02,90,new,28
2002,QO02,90,old,4
2002,QO02,91,new,48
2002,QO02,91,old,4
2002,QO02,92,new,67
2002,QO02,92,old,6
2002,QO02,93,new,81
2002,QO02,93,old,11
2002,QO02,94,new,104
2002,QO02,94,old,17
2002,QO02,95,new,129
2002,QO02,95,old,23
2002,QO02,96,new,158
2002,QO02,96,old,18
2002,QO02,97,new,245
2002,QO02,97,old,51
2002,QO02,98,new,354
2002,QO02,98,old,47
2002,QO02,99,new,405
2002,QO02,99,old,75
2002,QO02,100,new,569
2002,QO02,100,old,131
2002,QO02,101,new,621
2002,QO02,101,old,138
2002,QO02,102,new,1047
2002,QO02,102,old,230
2002,QO02,103,new,944
2002,QO02,103,old,257
2002,QO02,104,new,1013
2002,QO02,104,old,299
2002,QO02,105,new,1036
2002,QO02,105,old,329
2002,QO02,106,new,988
2002,QO02,106,old,373
2002,QO02,107,new,935
2002,QO02,107,old,374
2002,QO02,108,new,893
2002,QO02,108,old,422
2002,QO02,109,new,832
2002,QO02,109,old,367
2002,QO02,110,new,935
2002,QO02,110,old,491
2002,QO02,111,new,805
2002,QO02,111,old,432
2002,QO02,112,new,884
2002,QO02,112,old,502
2002,QO02,113,new,678
2002,QO02,113,old,422
2002,QO02,114,new,706
2002,QO02,114,old,417
2002,QO02,115,new,750
2002,QO02,115,old,451
2002,QO02,116,new,615
2002,QO02,116,old,400
2002,QO02,117,new,604
2002,QO02,117,old,408
2002,QO02,118,new,587
2002,QO02,118,old,330
2002,QO02,119,new,477
2002,QO02,119,old,327
2002,QO02,120,new,475
2002,QO02,120,old,320
2002,QO02,121,new,402
2002,QO02,121,old,214
2002,QO02,122,new,364
2002,QO02,122,old,240
2002,QO02,123,new,277
2002,QO02,123,old,182
2002,QO02,124,new,243
2002,QO02,124,old,137
2002,QO02,125,new,201
2002,QO02,125,old,91
2002,QO02,126,new,161
2002,QO02,126,old,117
2002,QO02,127,new,135
2002,QO02,127,old,80
2002,QO02,128,new,100
2002,QO02,128,old,45
2002,QO02,129,new,71
2002,QO02,129,old,28
2002,QO02,130,new,57
2002,QO02,130,old,25
2002,QO02,131,new,28
2002,QO02,131,old,29
2002,QO02,132,new,19
2002,QO02,132,old,10
2002,QO02,133,new,16
2002,QO02,133,old,6
2002,QO02,134,new,16
2002,QO02,134,old,4
2002,QO02,135,new,5
2002,QO02,135,old,3
2002,QO02,136,new,8
2002,QO02,136,old,3
2002,QO02,137,new,6
2002,QO02,137,old,1
2002,QO02,138,new,4
2002,QO02,138,old,1
2002,QO02,139,new,1
2002,QO02,139,old,1
2002,QO02,140,old,1
2002,QO02,141,new,1
2002,QO02,141,old,1
2002,QO02,142,new,2
2002,QO02,144,new,1
2003,QO03,71,new,1
2003,QO03,72,new,1
2003,QO03,74,old,1
2003,QO03,75,new,3
2003,QO03,76,new,5
2003,QO03,76,old,1
2003,QO03,77,new,4
2003,QO03,78,new,2
2003,QO03,79,new,7
2003,QO03,80,new,7
2003,QO03,80,old,2
2003,QO03,81,new,14
2003,QO03,81,old,1
2003,QO03,82,new,7
2003,QO03,83,new,18
2003,QO03,83,old,3
2003,QO03,84,new,16
2003,QO03,84,old,1
2003,QO03,85,new,30
2003,QO03,85,old,4
2003,QO03,86,new,30
2003,QO03,86,old,5
2003,QO03,87,new,27
2003,QO03,87,old,8
2003,QO03,88,new,33
2003,QO03,88,old,5
2003,QO03,89,new,48
2003,QO03,89,old,8
2003,QO03,90,new,83
2003,QO03,90,old,5
2003,QO03,91,new,70
2003,QO03,91,old,16
2003,QO03,92,new,130
2003,QO03,92,old,17
2003,QO03,93,new,136
2003,QO03,93,old,21
2003,QO03,94,new,190
2003,QO03,94,old,36
2003,QO03,95,new,313
2003,QO03,95,old,36
2003,QO03,96,new,337
2003,QO03,96,old,56
2003,QO03,97,new,471
2003,QO03,97,old,51
2003,QO03,98,new,636
2003,QO03,98,old,84
2003,QO03,99,new,720
2003,QO03,99,old,71
2003,QO03,100,new,1082
2003,QO03,100,old,117
2003,QO03,101,new,999
2003,QO03,101,old,113
2003,QO03,102,new,1478
2003,QO03,102,old,183
2003,QO03,103,new,1470
2003,QO03,103,old,192
2003,QO03,104,new,1401
2003,QO03,104,old,162
2003,QO03,105,new,1512
2003,QO03,105,old,214
2003,QO03,106,new,1368
2003,QO03,106,old,168
2003,QO03,107,new,1323
2003,QO03,107,old,198
2003,QO03,108,new,1352
2003,QO03,108,old,176
2003,QO03,109,new,1120
2003,QO03,109,old,155
2003,QO03,110,new,1163
2003,QO03,110,old,197
2003,QO03,111,new,922
2003,QO03,111,old,131
2003,QO03,112,new,1043
2003,QO03,112,old,145
2003,QO03,113,new,809
2003,QO03,113,old,161
2003,QO03,114,new,687
2003,QO03,114,old,133
2003,QO03,115,new,686
2003,QO03,115,old,160
2003,QO03,116,new,589
2003,QO03,116,old,128
2003,QO03,117,new,506
2003,QO03,117,old,117
2003,QO03,118,new,483
2003,QO03,118,old,108
2003,QO03,119,new,344
2003,QO03,119,old,76
2003,QO03,120,new,322
2003,QO03,120,old,69
2003,QO03,121,new,224
2003,QO03,121,old,51
2003,QO03,122,new,219
2003,QO03,122,old,57
2003,QO03,123,new,147
2003,QO03,123,old,32
2003,QO03,124,new,120
2003,QO03,124,old,32
2003,QO03,125,new,83
2003,QO03,125,old,26
2003,QO03,126,new,74
2003,QO03,126,old,20
2003,QO03,127,new,47
2003,QO03,127,old,21
2003,QO03,128,new,26
2003,QO03,128,old,13
2003,QO03,129,new,25
2003,QO03,129,old,10
2003,QO03,130,new,16
2003,QO03,130,old,6
2003,QO03,131,new,12
2003,QO03,131,old,3
2003,QO03,132,new,8
2003,QO03,132,old,3
2003,QO03,133,new,4
2003,QO03,133,old,6
2003,QO03,134,new,5
2003,QO03,134,old,2
2003,QO03,135,new,2
2003,QO03,135,old,1
2003,QO03,136,new,3
2003,QO03,139,new,1
2003,QO03,140,new,1
2003,QO03,141,new,1
2004,QO04,61,new,1
2004,QO04,65,new,2
2004,QO04,69,new,1
2004,QO04,70,new,1
2004,QO04,71,new,1
2004,QO04,72,new,1
2004,QO04,73,new,1
2004,QO04,74,old,1
2004,QO04,76,new,4
2004,QO04,77,old,1
2004,QO04,78,new,1
2004,QO04,78,old,1
2004,QO04,79,new,1
2004,QO04,80,new,3
2004,QO04,81,new,1
2004,QO04,82,new,2
2004,QO04,82,old,3
2004,QO04,84,new,2
2004,QO04,84,old,1
2004,QO04,85,new,4
2004,QO04,85,old,2
2004,QO04,86,new,5
2004,QO04,87,new,7
2004,QO04,87,old,2
2004,QO04,88,new,9
2004,QO04,88,old,1
2004,QO04,89,new,7
2004,QO04,89,old,3
2004,QO04,90,new,19
2004,QO04,90,old,5
2004,QO04,91,new,18
2004,QO04,91,old,3
2004,QO04,92,new,28
2004,QO04,92,old,7
2004,QO04,93,new,23
2004,QO04,93,old,17
2004,QO04,94,new,45
2004,QO04,94,old,19
2004,QO04,95,new,80
2004,QO04,95,old,19
2004,QO04,96,new,102
2004,QO04,96,old,36
2004,QO04,97,new,140
2004,QO04,97,old,36
2004,QO04,98,new,225
2004,QO04,98,old,80
2004,QO04,99,new,280
2004,QO04,99,old,86
2004,QO04,100,new,485
2004,QO04,100,old,92
2004,QO04,101,new,533
2004,QO04,101,old,128
2004,QO04,102,new,740
2004,QO04,102,old,153
2004,QO04,103,new,850
2004,QO04,103,old,166
2004,QO04,104,new,949
2004,QO04,104,old,170
2004,QO04,105,new,1087
2004,QO04,105,old,167
2004,QO04,106,new,1049
2004,QO04,106,old,184
2004,QO04,107,new,1249
2004,QO04,107,old,195
2004,QO04,108,new,1205
2004,QO04,108,old,172
2004,QO04,109,new,1269
2004,QO04,109,old,191
2004,QO04,110,new,1407
2004,QO04,110,old,169
2004,QO04,111,new,1205
2004,QO04,111,old,155
2004,QO04,112,new,1267
2004,QO04,112,old,168
2004,QO04,113,new,1171
2004,QO04,113,old,159
2004,QO04,114,new,1090
2004,QO04,114,old,128
2004,QO04,115,new,1090
2004,QO04,115,old,147
2004,QO04,116,new,987
2004,QO04,116,old,119
2004,QO04,117,new,888
2004,QO04,117,old,116
2004,QO04,118,new,859
2004,QO04,118,old,115
2004,QO04,119,new,652
2004,QO04,119,old,89
2004,QO04,120,new,618
2004,QO04,120,old,95
2004,QO04,121,new,456
2004,QO04,121,old,57
2004,QO04,122,new,423
2004,QO04,122,old,57
2004,QO04,123,new,337
2004,QO04,123,old,49
2004,QO04,124,new,265
2004,QO04,124,old,45
2004,QO04,125,new,221
2004,QO04,125,old,26
2004,QO04,126,new,145
2004,QO04,126,old,23
2004,QO04,127,new,120
2004,QO04,127,old,17
2004,QO04,128,new,90
2004,QO04,128,old,12
2004,QO04,129,new,60
2004,QO04,129,old,16
2004,QO04,130,new,41
2004,QO04,130,old,9
2004,QO04,131,new,26
2004,QO04,131,old,3
2004,QO04,132,new,23
2004,QO04,132,old,2
2004,QO04,133,new,12
2004,QO04,133,old,5
2004,QO04,134,new,8
2004,QO04,134,old,1
2004,QO04,135,new,5
2004,QO04,135,old,1
2004,QO04,136,new,3
2004,QO04,137,new,2
2004,QO04,137,old,1
2004,QO04,138,new,3
2004,QO04,139,new,3
2004,QO04,141,new,1
2004,QO04,144,new,1
2005,QO05,61,new,1
2005,QO05,65,new,1
2005,QO05,67,new,1
2005,QO05,70,new,2
2005,QO05,72,new,3
2005,QO05,73,old,1
2005,QO05,74,new,1
2005,QO05,74,old,1
2005,QO05,75,new,4
2005,QO05,76,new,3
2005,QO05,77,new,4
2005,QO05,78,new,4
2005,QO05,78,old,1
2005,QO05,79,new,4
2005,QO05,80,new,9
2005,QO05,80,old,1
2005,QO05,81,new,5
2005,QO05,81,old,1
2005,QO05,82,new,6
2005,QO05,82,old,1
2005,QO05,83,new,9
2005,QO05,83,old,1
2005,QO05,84,new,6
2005,QO05,85,new,13
2005,QO05,85,old,1
2005,QO05,86,new,13
2005,QO05,86,old,4
2005,QO05,87,new,21
2005,QO05,87,old,1
2005,QO05,88,new,17
2005,QO05,88,old,2
2005,QO05,89,new,15
2005,QO05,89,old,1
2005,QO05,90,new,31
2005,QO05,90,old,4
2005,QO05,91,new,34
2005,QO05,91,old,3
2005,QO05,92,new,63
2005,QO05,92,old,5
2005,QO05,93,new,41
2005,QO05,93,old,2
2005,QO05,94,new,58
2005,QO05,94,old,12
2005,QO05,95,new,79
2005,QO05,95,old,19
2005,QO05,96,new,106
2005,QO05,96,old,17
2005,QO05,97,new,150
2005,QO05,97,old,23
2005,QO05,98,new,220
2005,QO05,98,old,46
2005,QO05,99,new,229
2005,QO05,99,old,55
2005,QO05,100,new,434
2005,QO05,100,old,70
2005,QO05,101,new,390
2005,QO05,101,old,101
2005,QO05,102,new,715
2005,QO05,102,old,133
2005,QO05,103,new,821
2005,QO05,103,old,172
2005,QO05,104,new,961
2005,QO05,104,old,175
2005,QO05,105,new,1194
2005,QO05,105,old,247
2005,QO05,106,new,1193
2005,QO05,106,old,248
2005,QO05,107,new,1397
2005,QO05,107,old,325
2005,QO05,108,new,1731
2005,QO05,108,old,322
2005,QO05,109,new,1628
2005,QO05,109,old,325
2005,QO05,110,new,2162
2005,QO05,110,old,452
2005,QO05,111,new,1970
2005,QO05,111,old,405
2005,QO05,112,new,2474
2005,QO05,112,old,453
2005,QO05,113,new,2330
2005,QO05,113,old,456
2005,QO05,114,new,2386
2005,QO05,114,old,485
2005,QO05,115,new,2838
2005,QO05,115,old,494
2005,QO05,116,new,2459
2005,QO05,116,old,483
2005,QO05,117,new,2734
2005,QO05,117,old,535
2005,QO05,118,new,2685
2005,QO05,118,old,492
2005,QO05,119,new,2272
2005,QO05,119,old,438
2005,QO05,120,new,2632
2005,QO05,120,old,436
2005,QO05,121,new,2150
2005,QO05,121,old,375
2005,QO05,122,new,2119
2005,QO05,122,old,413
2005,QO05,123,new,1780
2005,QO05,123,old,351
2005,QO05,124,new,1648
2005,QO05,124,old,259
2005,QO05,125,new,1480
2005,QO05,125,old,265
2005,QO05,126,new,1125
2005,QO05,126,old,176
2005,QO05,127,new,1039
2005,QO05,127,old,166
2005,QO05,128,new,764
2005,QO05,128,old,134
2005,QO05,129,new,582
2005,QO05,129,old,100
2005,QO05,130,new,517
2005,QO05,130,old,77
2005,QO05,131,new,336
2005,QO05,131,old,51
2005,QO05,132,new,298
2005,QO05,132,old,37
2005,QO05,133,new,168
2005,QO05,133,old,25
2005,QO05,134,new,137
2005,QO05,134,old,17
2005,QO05,135,new,83
2005,QO05,135,old,19
2005,QO05,136,new,60
2005,QO05,136,old,7
2005,QO05,137,new,42
2005,QO05,137,old,1
2005,QO05,138,new,27
2005,QO05,138,old,1
2005,QO05,139,new,10
2005,QO05,139,old,1
2005,QO05,140,new,6
2005,QO05,140,old,2
2005,QO05,141,new,5
2005,QO05,142,new,4
2005,QO05,142,old,1
2005,QO05,143,new,2
2005,QO05,144,new,1
2005,QO05,145,new,2
2005,QO05,146,new,1
2005,QO05,148,new,1
2005,TR05,78,new,1
2006,QO06,69,new,1
2006,QO06,71,new,1
2006,QO06,78,new,1
2006,QO06,78,old,1
2006,QO06,80,new,3
2006,QO06,81,new,3
2006,QO06,81,old,1
2006,QO06,82,new,3
2006,QO06,82,old,1
2006,QO06,83,new,6
2006,QO06,83,old,3
2006,QO06,84,new,6
2006,QO06,85,new,11
2006,QO06,85,old,1
2006,QO06,86,new,9
2006,QO06,86,old,1
2006,QO06,87,new,11
2006,QO06,87,old,1
2006,QO06,88,new,7
2006,QO06,89,new,11
2006,QO06,89,old,1
2006,QO06,90,new,19
2006,QO06,91,new,17
2006,QO06,91,old,2
2006,QO06,92,new,37
2006,QO06,92,old,3
2006,QO06,93,new,22
2006,QO06,93,old,2
2006,QO06,94,new,62
2006,QO06,94,old,2
2006,QO06,95,new,79
2006,QO06,95,old,5
2006,QO06,96,new,129
2006,QO06,96,old,8
2006,QO06,97,new,220
2006,QO06,97,old,8
2006,QO06,98,new,351
2006,QO06,98,old,10
2006,QO06,99,new,404
2006,QO06,99,old,18
2006,QO06,100,new,770
2006,QO06,100,old,30
2006,QO06,101,new,867
2006,QO06,101,old,35
2006,QO06,102,new,1491
2006,QO06,102,old,60
2006,QO06,103,new,1647
2006,QO06,103,old,76
2006,QO06,104,new,2136
2006,QO06,104,old,85
2006,QO06,105,new,2165
2006,QO06,105,old,90
2006,QO06,106,new,2104
2006,QO06,106,old,109
2006,QO06,107,new,2237
2006,QO06,107,old,128
2006,QO06,108,new,2371
2006,QO06,108,old,140
2006,QO06,109,new,2021
2006,QO06,109,old,143
2006,QO06,110,new,2140
2006,QO06,110,old,124
2006,QO06,111,new,1538
2006,QO06,111,old,152
2006,QO06,112,new,1560
2006,QO06,112,old,180
2006,QO06,113,new,1216
2006,QO06,113,old,145
2006,QO06,114,new,1055
2006,QO06,114,old,156
2006,QO06,115,new,858
2006,QO06,115,old,172
2006,QO06,116,new,563
2006,QO06,116,old,186
2006,QO06,117,new,453
2006,QO06,117,old,181
2006,QO06,118,new,429
2006,QO06,118,old,181
2006,QO06,119,new,238
2006,QO06,119,old,134
2006,QO06,120,new,240
2006,QO06,120,old,192
2006,QO06,121,new,165
2006,QO06,121,old,173
2006,QO06,122,new,139
2006,QO06,122,old,150
2006,QO06,123,new,123
2006,QO06,123,old,150
2006,QO06,124,new,99
2006,QO06,124,old,144
2006,QO06,125,new,75
2006,QO06,125,old,112
2006,QO06,126,new,79
2006,QO06,126,old,106
2006,QO06,127,new,64
2006,QO06,127,old,69
2006,QO06,128,new,44
2006,QO06,128,old,57
2006,QO06,129,new,42
2006,QO06,129,old,53
2006,QO06,130,new,35
2006,QO06,130,old,42
2006,QO06,131,new,18
2006,QO06,131,old,36
2006,QO06,132,new,18
2006,QO06,132,old,35
2006,QO06,133,new,14
2006,QO06,133,old,16
2006,QO06,134,new,13
2006,QO06,134,old,11
2006,QO06,135,new,3
2006,QO06,135,old,11
2006,QO06,136,new,6
2006,QO06,136,old,7
2006,QO06,137,new,7
2006,QO06,137,old,6
2006,QO06,138,new,3
2006,QO06,138,old,1
2006,QO06,139,new,2
2006,QO06,139,old,4
2006,QO06,140,new,4
2006,QO06,140,old,1
2006,QO06,141,new,4
2006,QO06,142,new,1
2006,QO06,142,old,3
2006,QO06,143,new,3
2006,QO06,143,old,4
2006,QO06,144,new,3
2006,QO06,144,old,2
2006,QO06,145,new,2
2006,QO06,145,old,3
2006,QO06,146,new,2
2006,QO06,146,old,1
2006,QO06,147,new,3
2006,QO06,147,old,4
2006,QO06,148,new,2
2006,QO06,148,old,5
2006,QO06,149,old,3
2006,QO06,150,old,3
2006,QO06,151,new,1
2006,QO06,151,old,1
2006,QO06,152,new,2
2006,QO06,152,old,1
2006,QO06,153,new,2
2006,QO06,153,old,7
2006,QO06,154,new,3
2006,QO06,154,old,1
2006,QO06,155,new,1
2006,QO06,156,new,2
2006,QO06,156,old,2
2006,QO06,157,new,2
2006,QO06,157,old,2
2006,QO06,158,new,1
2006,QO06,159,old,1
2006,QO06,160,old,1
2006,QO06,161,new,1
2006,QO06,161,old,1
2006,QO06,162,new,2
2006,QO06,163,new,2
2006,QO06,163,old,4
2006,QO06,164,new,1
2006,QO06,164,old,1
2006,QO06,165,new,1
2006,QO06,165,old,1
2006,QO06,166,old,2
2006,QO06,168,new,1
2006,QO06,172,new,1
2006,QO06,173,old,1
2006,QO06,175,old,1
2007,QO07,67,new,1
2007,QO07,68,old,1
2007,QO07,71,new,1
2007,QO07,74,new,2
2007,QO07,75,new,1
2007,QO07,76,new,1
2007,QO07,79,new,3
2007,QO07,80,new,3
2007,QO07,80,old,1
2007,QO07,81,new,5
2007,QO07,82,new,3
2007,QO07,82,old,1
2007,QO07,83,new,4
2007,QO07,85,new,4
2007,QO07,85,old,1
2007,QO07,86,new,8
2007,QO07,86,old,1
2007,QO07,87,new,10
2007,QO07,87,old,1
2007,QO07,88,new,17
2007,QO07,88,old,1
2007,QO07,89,new,18
2007,QO07,89,old,3
2007,QO07,90,new,20
2007,QO07,90,old,2
2007,QO07,91,new,24
2007,QO07,91,old,4
2007,QO07,92,new,30
2007,QO07,92,old,5
2007,QO07,93,new,53
2007,QO07,93,old,5
2007,QO07,94,new,67
2007,QO07,94,old,7
2007,QO07,95,new,130
2007,QO07,95,old,9
2007,QO07,96,new,192
2007,QO07,96,old,23
2007,QO07,97,new,307
2007,QO07,97,old,41
2007,QO07,98,new,453
2007,QO07,98,old,56
2007,QO07,99,new,561
2007,QO07,99,old,83
2007,QO07,100,new,928
2007,QO07,100,old,136
2007,QO07,101,new,1150
2007,QO07,101,old,142
2007,QO07,102,new,2226
2007,QO07,102,old,239
2007,QO07,103,new,2447
2007,QO07,103,old,348
2007,QO07,104,new,2550
2007,QO07,104,old,327
2007,QO07,105,new,2832
2007,QO07,105,old,421
2007,QO07,106,new,2684
2007,QO07,106,old,417
2007,QO07,107,new,3009
2007,QO07,107,old,491
2007,QO07,108,new,2781
2007,QO07,108,old,448
2007,QO07,109,new,2507
2007,QO07,109,old,465
2007,QO07,110,new,2483
2007,QO07,110,old,398
2007,QO07,111,new,2049
2007,QO07,111,old,353
2007,QO07,112,new,1995
2007,QO07,112,old,376
2007,QO07,113,new,1876
2007,QO07,113,old,348
2007,QO07,114,new,1463
2007,QO07,114,old,330
2007,QO07,115,new,1377
2007,QO07,115,old,207
2007,QO07,116,new,1085
2007,QO07,116,old,178
2007,QO07,117,new,912
2007,QO07,117,old,206
2007,QO07,118,new,857
2007,QO07,118,old,147
2007,QO07,119,new,716
2007,QO07,119,old,134
2007,QO07,120,new,646
2007,QO07,120,old,122
2007,QO07,121,new,461
2007,QO07,121,old,95
2007,QO07,122,new,480
2007,QO07,122,old,98
2007,QO07,123,new,385
2007,QO07,123,old,79
2007,QO07,124,new,283
2007,QO07,124,old,53
2007,QO07,125,new,216
2007,QO07,125,old,47
2007,QO07,126,new,141
2007,QO07,126,old,39
2007,QO07,127,new,127
2007,QO07,127,old,34
2007,QO07,128,new,81
2007,QO07,128,old,22
2007,QO07,129,new,52
2007,QO07,129,old,20
2007,QO07,130,new,44
2007,QO07,130,old,17
2007,QO07,131,new,26
2007,QO07,131,old,9
2007,QO07,132,new,22
2007,QO07,132,old,7
2007,QO07,133,new,16
2007,QO07,133,old,3
2007,QO07,134,new,6
2007,QO07,134,old,2
2007,QO07,135,new,6
2007,QO07,135,old,5
2007,QO07,136,new,4
2007,QO07,136,old,1
2007,QO07,137,new,2
2007,QO07,138,new,2
2007,QO07,138,old,1
2007,QO07,139,new,1
2007,QO07,140,new,1
2007,QO07,140,old,1
2007,QO07,143,old,1
2007,QO07,148,old,1
2008,QO08,77,new,1
2008,QO08,78,new,1
2008,QO08,79,new,3
2008,QO08,79,old,1
2008,QO08,80,old,1
2008,QO08,81,new,4
2008,QO08,82,new,2
2008,QO08,82,old,1
2008,QO08,83,new,3
2008,QO08,84,new,8
2008,QO08,84,old,1
2008,QO08,85,new,5
2008,QO08,86,new,2
2008,QO08,87,new,12
2008,QO08,87,old,1
2008,QO08,88,new,16
2008,QO08,88,old,2
2008,QO08,89,new,8
2008,QO08,90,new,25
2008,QO08,90,old,1
2008,QO08,91,new,24
2008,QO08,92,new,49
2008,QO08,92,old,1
2008,QO08,93,new,65
2008,QO08,93,old,3
2008,QO08,94,new,86
2008,QO08,94,old,4
2008,QO08,95,new,132
2008,QO08,95,old,10
2008,QO08,96,new,218
2008,QO08,96,old,16
2008,QO08,97,new,334
2008,QO08,97,old,31
2008,QO08,98,new,459
2008,QO08,98,old,43
2008,QO08,99,new,633
2008,QO08,99,old,45
2008,QO08,100,new,1030
2008,QO08,100,old,99
2008,QO08,101,new,1222
2008,QO08,101,old,134
2008,QO08,102,new,1824
2008,QO08,102,old,155
2008,QO08,103,new,2082
2008,QO08,103,old,229
2008,QO08,104,new,2145
2008,QO08,104,old,235
2008,QO08,105,new,2528
2008,QO08,105,old,246
2008,QO08,106,new,2454
2008,QO08,106,old,265
2008,QO08,107,new,2435
2008,QO08,107,old,318
2008,QO08,108,new,2670
2008,QO08,108,old,336
2008,QO08,109,new,2456
2008,QO08,109,old,357
2008,QO08,110,new,2507
2008,QO08,110,old,324
2008,QO08,111,new,2186
2008,QO08,111,old,278
2008,QO08,112,new,2185
2008,QO08,112,old,296
2008,QO08,113,new,1918
2008,QO08,113,old,249
2008,QO08,114,new,1620
2008,QO08,114,old,197
2008,QO08,115,new,1601
2008,QO08,115,old,225
2008,QO08,116,new,1311
2008,QO08,116,old,176
2008,QO08,117,new,1217
2008,QO08,117,old,115
2008,QO08,118,new,1185
2008,QO08,118,old,130
2008,QO08,119,new,957
2008,QO08,119,old,93
2008,QO08,120,new,904
2008,QO08,120,old,101
2008,QO08,121,new,714
2008,QO08,121,old,81
2008,QO08,122,new,725
2008,QO08,122,old,82
2008,QO08,123,new,591
2008,QO08,123,old,56
2008,QO08,124,new,450
2008,QO08,124,old,41
2008,QO08,125,new,354
2008,QO08,125,old,46
2008,QO08,126,new,268
2008,QO08,126,old,39
2008,QO08,127,new,233
2008,QO08,127,old,32
2008,QO08,128,new,171
2008,QO08,128,old,28
2008,QO08,129,new,91
2008,QO08,129,old,15
2008,QO08,130,new,88
2008,QO08,130,old,8
2008,QO08,131,new,31
2008,QO08,131,old,13
2008,QO08,132,new,31
2008,QO08,132,old,10
2008,QO08,133,new,24
2008,QO08,133,old,4
2008,QO08,134,new,12
2008,QO08,134,old,1
2008,QO08,135,new,8
2008,QO08,136,new,6
2008,QO08,136,old,7
2008,QO08,137,new,1
2008,QO08,138,new,1
2008,QO08,139,new,2
2008,QO08,139,old,1
2008,QO08,143,new,1
2008,TR08,73,old,1
2009,QO09,68,new,1
2009,QO09,73,new,1
2009,QO09,75,new,1
2009,QO09,76,new,1
2009,QO09,79,new,1
2009,QO09,82,new,1
2009,QO09,84,new,4
2009,QO09,84,old,1
2009,QO09,85,new,1
2009,QO09,87,new,5
2009,QO09,87,old,1
2009,QO09,88,new,2
2009,QO09,88,old,1
2009,QO09,89,new,3
2009,QO09,89,old,1
2009,QO09,90,new,5
2009,QO09,91,new,12
2009,QO09,92,new,16
2009,QO09,92,old,2
2009,QO09,93,new,20
2009,QO09,94,new,22
2009,QO09,94,old,1
2009,QO09,95,new,36
2009,QO09,95,old,2
2009,QO09,96,new,63
2009,QO09,96,old,7
2009,QO09,97,new,87
2009,QO09,97,old,7
2009,QO09,98,new,146
2009,QO09,98,old,6
2009,QO09,99,new,210
2009,QO09,99,old,14
2009,QO09,100,new,296
2009,QO09,100,old,24
2009,QO09,101,new,434
2009,QO09,101,old,39
2009,QO09,102,new,746
2009,QO09,102,old,55
2009,QO09,103,new,908
2009,QO09,103,old,59
2009,QO09,104,new,963
2009,QO09,104,old,64
2009,QO09,105,new,1173
2009,QO09,105,old,83
2009,QO09,106,new,1144
2009,QO09,106,old,83
2009,QO09,107,new,1204
2009,QO09,107,old,78
2009,QO09,108,new,1351
2009,QO09,108,old,66
2009,QO09,109,new,1277
2009,QO09,109,old,93
2009,QO09,110,new,1364
2009,QO09,110,old,74
2009,QO09,111,new,1347
2009,QO09,111,old,65
2009,QO09,112,new,1494
2009,QO09,112,old,83
2009,QO09,113,new,1401
2009,QO09,113,old,58
2009,QO09,114,new,1277
2009,QO09,114,old,57
2009,QO09,115,new,1492
2009,QO09,115,old,60
2009,QO09,116,new,1301
2009,QO09,116,old,49
2009,QO09,117,new,1261
2009,QO09,117,old,45
2009,QO09,118,new,1206
2009,QO09,118,old,34
2009,QO09,119,new,1036
2009,QO09,119,old,36
2009,QO09,120,new,999
2009,QO09,120,old,37
2009,QO09,121,new,924
2009,QO09,121,old,34
2009,QO09,122,new,873
2009,QO09,122,old,24
2009,QO09,123,new,690
2009,QO09,123,old,24
2009,QO09,124,new,577
2009,QO09,124,old,20
2009,QO09,125,new,522
2009,QO09,125,old,17
2009,QO09,126,new,392
2009,QO09,126,old,9
2009,QO09,127,new,284
2009,QO09,127,old,7
2009,QO09,128,new,206
2009,QO09,128,old,7
2009,QO09,129,new,144
2009,QO09,129,old,6
2009,QO09,130,new,109
2009,QO09,130,old,4
2009,QO09,131,new,98
2009,QO09,131,old,2
2009,QO09,132,new,70
2009,QO09,132,old,1
2009,QO09,133,new,28
2009,QO09,133,old,2
2009,QO09,134,new,28
2009,QO09,135,new,18
2009,QO09,136,new,9
2009,QO09,137,new,8
2009,QO09,138,new,6
2009,QO09,139,new,3
2009,QO09,140,new,2
2010,QO10,81,new,1
2010,QO10,84,new,2
2010,QO10,87,new,1
2010,QO10,87,old,1
2010,QO10,88,new,4
2010,QO10,89,new,7
2010,QO10,90,new,3
2010,QO10,90,old,1
2010,QO10,91,new,8
2010,QO10,92,new,9
2010,QO10,92,old,1
2010,QO10,93,new,11
2010,QO10,93,old,2
2010,QO10,94,new,18
2010,QO10,94,old,2
2010,QO10,95,new,30
2010,QO10,95,old,4
2010,QO10,96,new,45
2010,QO10,96,old,2
2010,QO10,97,new,52
2010,QO10,97,old,5
2010,QO10,98,new,111
2010,QO10,98,old,5
2010,QO10,99,new,121
2010,QO10,99,old,6
2010,QO10,100,new,205
2010,QO10,100,old,7
2010,QO10,101,new,284
2010,QO10,101,old,17
2010,QO10,102,new,454
2010,QO10,102,old,23
2010,QO10,103,new,539
2010,QO10,103,old,16
2010,QO10,104,new,684
2010,QO10,104,old,22
2010,QO10,105,new,796
2010,QO10,105,old,24
2010,QO10,106,new,888
2010,QO10,106,old,32
2010,QO10,107,new,976
2010,QO10,107,old,39
2010,QO10,108,new,1104
2010,QO10,108,old,52
2010,QO10,109,new,1287
2010,QO10,109,old,39
2010,QO10,110,new,1368
2010,QO10,110,old,46
2010,QO10,111,new,1428
2010,QO10,111,old,46
2010,QO10,112,new,1642
2010,QO10,112,old,62
2010,QO10,113,new,1797
2010,QO10,113,old,66
2010,QO10,114,new,1836
2010,QO10,114,old,45
2010,QO10,115,new,1926
2010,QO10,115,old,55
2010,QO10,116,new,1947
2010,QO10,116,old,44
2010,QO10,117,new,1968
2010,QO10,117,old,50
2010,QO10,118,new,1984
2010,QO10,118,old,53
2010,QO10,119,new,1777
2010,QO10,119,old,54
2010,QO10,120,new,1742
2010,QO10,120,old,52
2010,QO10,121,new,1498
2010,QO10,121,old,39
2010,QO10,122,new,1401
2010,QO10,122,old,38
2010,QO10,123,new,1187
2010,QO10,123,old,33
2010,QO10,124,new,984
2010,QO10,124,old,27
2010,QO10,125,new,823
2010,QO10,125,old,18
2010,QO10,126,new,632
2010,QO10,126,old,24
2010,QO10,127,new,529
2010,QO10,127,old,22
2010,QO10,128,new,386
2010,QO10,128,old,8
2010,QO10,129,new,290
2010,QO10,129,old,9
2010,QO10,130,new,195
2010,QO10,130,old,12
2010,QO10,131,new,137
2010,QO10,131,old,5
2010,QO10,132,new,120
2010,QO10,132,old,2
2010,QO10,133,new,52
2010,QO10,133,old,3
2010,QO10,134,new,49
2010,QO10,134,old,4
2010,QO10,135,new,23
2010,QO10,135,old,1
2010,QO10,136,new,18
2010,QO10,136,old,3
2010,QO10,137,new,20
2010,QO10,138,new,10
2010,QO10,138,old,1
2010,QO10,139,new,6
2010,QO10,139,old,1
2010,QO10,140,new,3
2010,QO10,141,new,1
2010,QO10,142,new,2
2011,QO11,67,new,1
2011,QO11,75,old,1
2011,QO11,76,new,3
2011,QO11,76,old,1
2011,QO11,77,new,1
2011,QO11,78,new,2
2011,QO11,79,new,3
2011,QO11,80,new,6
2011,QO11,81,new,3
2011,QO11,82,new,10
2011,QO11,83,new,6
2011,QO11,84,new,6
2011,QO11,85,new,7
2011,QO11,86,new,12
2011,QO11,87,new,13
2011,QO11,88,new,11
2011,QO11,89,new,25
2011,QO11,90,new,11
2011,QO11,90,old,1
2011,QO11,91,new,14
2011,QO11,91,old,2
2011,QO11,92,new,17
2011,QO11,92,old,1
2011,QO11,93,new,24
2011,QO11,93,old,3
2011,QO11,94,new,47
2011,QO11,94,old,4
2011,QO11,95,new,48
2011,QO11,95,old,6
2011,QO11,96,new,80
2011,QO11,96,old,1
2011,QO11,97,new,131
2011,QO11,97,old,5
2011,QO11,98,new,201
2011,QO11,98,old,21
2011,QO11,99,new,219
2011,QO11,99,old,12
2011,QO11,100,new,370
2011,QO11,100,old,28
2011,QO11,101,new,489
2011,QO11,101,old,39
2011,QO11,102,new,658
2011,QO11,102,old,43
2011,QO11,103,new,920
2011,QO11,103,old,55
2011,QO11,104,new,1141
2011,QO11,104,old,91
2011,QO11,105,new,1185
2011,QO11,105,old,89
2011,QO11,106,new,1300
2011,QO11,106,old,83
2011,QO11,107,new,1542
2011,QO11,107,old,108
2011,QO11,108,new,1919
2011,QO11,108,old,133
2011,QO11,109,new,1840
2011,QO11,109,old,114
2011,QO11,110,new,2033
2011,QO11,110,old,144
2011,QO11,111,new,2123
2011,QO11,111,old,147
2011,QO11,112,new,2387
2011,QO11,112,old,161
2011,QO11,113,new,2803
2011,QO11,113,old,170
2011,QO11,114,new,2612
2011,QO11,114,old,146
2011,QO11,115,new,2799
2011,QO11,115,old,180
2011,QO11,116,new,2756
2011,QO11,116,old,158
2011,QO11,117,new,2930
2011,QO11,117,old,171
2011,QO11,118,new,3113
2011,QO11,118,old,188
2011,QO11,119,new,2511
2011,QO11,119,old,166
2011,QO11,120,new,2423
2011,QO11,120,old,155
2011,QO11,121,new,2314
2011,QO11,121,old,136
2011,QO11,122,new,2167
2011,QO11,122,old,119
2011,QO11,123,new,2119
2011,QO11,123,old,126
2011,QO11,124,new,1690
2011,QO11,124,old,116
2011,QO11,125,new,1365
2011,QO11,125,old,82
2011,QO11,126,new,1036
2011,QO11,126,old,76
2011,QO11,127,new,945
2011,QO11,127,old,53
2011,QO11,128,new,727
2011,QO11,128,old,58
2011,QO11,129,new,489
2011,QO11,129,old,32
2011,QO11,130,new,406
2011,QO11,130,old,28
2011,QO11,131,new,257
2011,QO11,131,old,16
2011,QO11,132,new,221
2011,QO11,132,old,13
2011,QO11,133,new,165
2011,QO11,133,old,14
2011,QO11,134,new,112
2011,QO11,134,old,6
2011,QO11,135,new,67
2011,QO11,135,old,6
2011,QO11,136,new,43
2011,QO11,136,old,2
2011,QO11,137,new,36
2011,QO11,137,old,3
2011,QO11,138,new,22
2011,QO11,138,old,1
2011,QO11,139,new,13
2011,QO11,139,old,1
2011,QO11,140,new,14
2011,QO11,141,new,4
2011,QO11,142,new,5
2011,QO11,143,new,5
2011,QO11,144,new,1
2011,QO11,145,new,2
2011,QO11,147,new,1
2011,QO11,148,new,2
2011,QO11,158,old,1
2012,QO12,66,old,1
2012,QO12,76,new,1
2012,QO12,77,new,1
2012,QO12,79,new,1
2012,QO12,80,new,1
2012,QO12,81,new,1
2012,QO12,82,new,2
2012,QO12,83,new,2
2012,QO12,84,new,7
2012,QO12,85,new,2
2012,QO12,86,new,4
2012,QO12,87,new,8
2012,QO12,88,new,12
2012,QO12,88,old,1
2012,QO12,89,new,9
2012,QO12,89,old,1
2012,QO12,90,new,12
2012,QO12,91,new,12
2012,QO12,91,old,2
2012,QO12,92,new,26
2012,QO12,93,new,38
2012,QO12,93,old,1
2012,QO12,94,new,65
2012,QO12,94,old,6
2012,QO12,95,new,90
2012,QO12,95,old,4
2012,QO12,96,new,99
2012,QO12,96,old,7
2012,QO12,97,new,201
2012,QO12,97,old,16
2012,QO12,98,new,340
2012,QO12,98,old,21
2012,QO12,99,new,384
2012,QO12,99,old,32
2012,QO12,100,new,564
2012,QO12,100,old,39
2012,QO12,101,new,747
2012,QO12,101,old,48
2012,QO12,102,new,1188
2012,QO12,102,old,72
2012,QO12,103,new,1443
2012,QO12,103,old,89
2012,QO12,104,new,1483
2012,QO12,104,old,90
2012,QO12,105,new,1668
2012,QO12,105,old,117
2012,QO12,106,new,1593
2012,QO12,106,old,112
2012,QO12,107,new,1746
2012,QO12,107,old,121
2012,QO12,108,new,1945
2012,QO12,108,old,178
2012,QO12,109,new,1696
2012,QO12,109,old,149
2012,QO12,110,new,1772
2012,QO12,110,old,167
2012,QO12,111,new,1733
2012,QO12,111,old,172
2012,QO12,112,new,1895
2012,QO12,112,old,206
2012,QO12,113,new,1925
2012,QO12,113,old,205
2012,QO12,114,new,1693
2012,QO12,114,old,186
2012,QO12,115,new,1734
2012,QO12,115,old,224
2012,QO12,116,new,1661
2012,QO12,116,old,221
2012,QO12,117,new,1737
2012,QO12,117,old,208
2012,QO12,118,new,1813
2012,QO12,118,old,219
2012,QO12,119,new,1443
2012,QO12,119,old,170
2012,QO12,120,new,1424
2012,QO12,120,old,191
2012,QO12,121,new,1232
2012,QO12,121,old,164
2012,QO12,122,new,1227
2012,QO12,122,old,159
2012,QO12,123,new,1118
2012,QO12,123,old,151
2012,QO12,124,new,917
2012,QO12,124,old,112
2012,QO12,125,new,744
2012,QO12,125,old,75
2012,QO12,126,new,619
2012,QO12,126,old,55
2012,QO12,127,new,467
2012,QO12,127,old,63
2012,QO12,128,new,444
2012,QO12,128,old,54
2012,QO12,129,new,271
2012,QO12,129,old,29
2012,QO12,130,new,259
2012,QO12,130,old,31
2012,QO12,131,new,165
2012,QO12,131,old,20
2012,QO12,132,new,143
2012,QO12,132,old,19
2012,QO12,133,new,81
2012,QO12,133,old,4
2012,QO12,134,new,52
2012,QO12,134,old,5
2012,QO12,135,new,55
2012,QO12,135,old,6
2012,QO12,136,new,32
2012,QO12,136,old,1
2012,QO12,137,new,21
2012,QO12,137,old,4
2012,QO12,138,new,17
2012,QO12,138,old,2
2012,QO12,139,new,5
2012,QO12,140,new,3
2012,QO12,140,old,1
2012,QO12,141,new,1
2012,QO12,142,new,2
2012,QO12,142,old,1
2012,QO12,143,new,1
2012,QO12,143,old,1
2013,QO13,73,new,2
2013,QO13,75,new,1
2013,QO13,76,new,1
2013,QO13,77,new,1
2013,QO13,78,new,1
2013,QO13,79,new,1
2013,QO13,81,new,2
2013,QO13,83,new,1
2013,QO13,84,new,2
2013,QO13,85,new,5
2013,QO13,86,new,7
2013,QO13,87,new,6
2013,QO13,88,new,7
2013,QO13,89,new,12
2013,QO13,89,old,1
2013,QO13,90,new,15
2013,QO13,90,old,2
2013,QO13,91,new,22
2013,QO13,92,new,40
2013,QO13,93,new,65
2013,QO13,93,old,1
2013,QO13,94,new,131
2013,QO13,94,old,2
2013,QO13,95,new,171
2013,QO13,95,old,4
2013,QO13,96,new,322
2013,QO13,96,old,5
2013,QO13,97,new,443
2013,QO13,97,old,2
2013,QO13,98,new,657
2013,QO13,98,old,10
2013,QO13,99,new,830
2013,QO13,99,old,14
2013,QO13,100,new,1201
2013,QO13,100,old,23
2013,QO13,101,new,1300
2013,QO13,101,old,40
2013,QO13,102,new,1852
2013,QO13,102,old,44
2013,QO13,103,new,1893
2013,QO13,103,old,72
2013,QO13,104,new,2035
2013,QO13,104,old,58
2013,QO13,105,new,1975
2013,QO13,105,old,99
2013,QO13,106,new,2039
2013,QO13,106,old,98
2013,QO13,107,new,2082
2013,QO13,107,old,115
2013,QO13,108,new,1858
2013,QO13,108,old,118
2013,QO13,109,new,1629
2013,QO13,109,old,92
2013,QO13,110,new,1707
2013,QO13,110,old,115
2013,QO13,111,new,1416
2013,QO13,111,old,125
2013,QO13,112,new,1491
2013,QO13,112,old,118
2013,QO13,113,new,1385
2013,QO13,113,old,124
2013,QO13,114,new,1111
2013,QO13,114,old,147
2013,QO13,115,new,1046
2013,QO13,115,old,123
2013,QO13,116,new,896
2013,QO13,116,old,108
2013,QO13,117,new,945
2013,QO13,117,old,130
2013,QO13,118,new,893
2013,QO13,118,old,138
2013,QO13,119,new,650
2013,QO13,119,old,103
2013,QO13,120,new,667
2013,QO13,120,old,97
2013,QO13,121,new,569
2013,QO13,121,old,78
2013,QO13,122,new,587
2013,QO13,122,old,68
2013,QO13,123,new,473
2013,QO13,123,old,63
2013,QO13,124,new,450
2013,QO13,124,old,57
2013,QO13,125,new,339
2013,QO13,125,old,55
2013,QO13,126,new,249
2013,QO13,126,old,39
2013,QO13,127,new,228
2013,QO13,127,old,33
2013,QO13,128,new,208
2013,QO13,128,old,19
2013,QO13,129,new,124
2013,QO13,129,old,16
2013,QO13,130,new,101
2013,QO13,130,old,10
2013,QO13,131,new,91
2013,QO13,131,old,5
2013,QO13,132,new,70
2013,QO13,132,old,5
2013,QO13,133,new,39
2013,QO13,133,old,7
2013,QO13,134,new,33
2013,QO13,135,new,22
2013,QO13,135,old,2
2013,QO13,136,new,7
2013,QO13,136,old,1
2013,QO13,137,new,9
2013,QO13,137,old,2
2013,QO13,138,new,6
2013,QO13,138,old,2
2013,QO13,140,new,2
2013,QO13,145,new,1
2014,QO14,63,new,1
2014,QO14,65,new,1
2014,QO14,74,new,1
2014,QO14,79,old,1
2014,QO14,81,new,2
2014,QO14,81,old,2
2014,QO14,82,new,1
2014,QO14,82,old,3
2014,QO14,83,new,1
2014,QO14,83,old,1
2014,QO14,84,new,5
2014,QO14,84,old,1
2014,QO14,85,new,1
2014,QO14,85,old,1
2014,QO14,86,new,2
2014,QO14,87,new,2
2014,QO14,87,old,1
2014,QO14,88,new,8
2014,QO14,88,old,3
2014,QO14,89,new,9
2014,QO14,89,old,1
2014,QO14,90,new,18
2014,QO14,90,old,1
2014,QO14,91,new,19
2014,QO14,91,old,3
2014,QO14,92,new,31
2014,QO14,92,old,3
2014,QO14,93,new,43
2014,QO14,93,old,7
2014,QO14,94,new,63
2014,QO14,94,old,14
2014,QO14,95,new,105
2014,QO14,95,old,10
2014,QO14,96,new,157
2014,QO14,96,old,23
2014,QO14,97,new,289
2014,QO14,97,old,33
2014,QO14,98,new,480
2014,QO14,98,old,48
2014,QO14,99,new,626
2014,QO14,99,old,57
2014,QO14,100,new,1120
2014,QO14,100,old,122
2014,QO14,101,new,1226
2014,QO14,101,old,143
2014,QO14,102,new,1861
2014,QO14,102,old,166
2014,QO14,103,new,2001
2014,QO14,103,old,201
2014,QO14,104,new,2246
2014,QO14,104,old,213
2014,QO14,105,new,2507
2014,QO14,105,old,221
2014,QO14,106,new,2308
2014,QO14,106,old,223
2014,QO14,107,new,2664
2014,QO14,107,old,207
2014,QO14,108,new,2562
2014,QO14,108,old,235
2014,QO14,109,new,2243
2014,QO14,109,old,201
2014,QO14,110,new,2385
2014,QO14,110,old,208
2014,QO14,111,new,2006
2014,QO14,111,old,180
2014,QO14,112,new,2041
2014,QO14,112,old,181
2014,QO14,113,new,1661
2014,QO14,113,old,150
2014,QO14,114,new,1445
2014,QO14,114,old,133
2014,QO14,115,new,1442
2014,QO14,115,old,126
2014,QO14,116,new,1071
2014,QO14,116,old,90
2014,QO14,117,new,1076
2014,QO14,117,old,122
2014,QO14,118,new,919
2014,QO14,118,old,89
2014,QO14,119,new,775
2014,QO14,119,old,96
2014,QO14,120,new,776
2014,QO14,120,old,115
2014,QO14,121,new,548
2014,QO14,121,old,75
2014,QO14,122,new,538
2014,QO14,122,old,76
2014,QO14,123,new,448
2014,QO14,123,old,64
2014,QO14,124,new,389
2014,QO14,124,old,36
2014,QO14,125,new,352
2014,QO14,125,old,65
2014,QO14,126,new,239
2014,QO14,126,old,42
2014,QO14,127,new,228
2014,QO14,127,old,40
2014,QO14,128,new,153
2014,QO14,128,old,23
2014,QO14,129,new,131
2014,QO14,129,old,19
2014,QO14,130,new,100
2014,QO14,130,old,20
2014,QO14,131,new,72
2014,QO14,131,old,10
2014,QO14,132,new,64
2014,QO14,132,old,11
2014,QO14,133,new,49
2014,QO14,133,old,4
2014,QO14,134,new,29
2014,QO14,134,old,2
2014,QO14,135,new,25
2014,QO14,135,old,3
2014,QO14,136,new,12
2014,QO14,136,old,4
2014,QO14,137,new,8
2014,QO14,137,old,1
2014,QO14,138,new,3
2014,QO14,139,new,1
2014,QO14,139,old,2
2014,QO14,140,new,1
2014,QO14,140,old,1
2014,QO14,141,new,2
2014,QO14,142,new,1
2014,QO14,145,new,1
2014,QO14,151,new,1
2015,QO15,72,new,1
2015,QO15,75,new,1
2015,QO15,76,new,3
2015,QO15,78,new,1
2015,QO15,79,new,1
2015,QO15,81,new,3
2015,QO15,81,old,1
2015,QO15,82,new,1
2015,QO15,83,new,2
2015,QO15,85,new,2
2015,QO15,86,new,2
2015,QO15,87,new,2
2015,QO15,88,new,6
2015,QO15,89,new,2
2015,QO15,89,old,1
2015,QO15,90,new,8
2015,QO15,90,old,2
2015,QO15,91,new,11
2015,QO15,92,new,16
2015,QO15,92,old,1
2015,QO15,93,new,18
2015,QO15,93,old,1
2015,QO15,94,new,34
2015,QO15,94,old,2
2015,QO15,95,new,82
2015,QO15,95,old,7
2015,QO15,96,new,115
2015,QO15,96,old,13
2015,QO15,97,new,164
2015,QO15,97,old,19
2015,QO15,98,new,241
2015,QO15,98,old,31
2015,QO15,99,new,362
2015,QO15,99,old,40
2015,QO15,100,new,549
2015,QO15,100,old,59
2015,QO15,101,new,635
2015,QO15,101,old,60
2015,QO15,102,new,794
2015,QO15,102,old,100
2015,QO15,103,new,824
2015,QO15,103,old,117
2015,QO15,104,new,1042
2015,QO15,104,old,142
2015,QO15,105,new,1115
2015,QO15,105,old,138
2015,QO15,106,new,1039
2015,QO15,106,old,136
2015,QO15,107,new,996
2015,QO15,107,old,166
2015,QO15,108,new,1041
2015,QO15,108,old,158
2015,QO15,109,new,1070
2015,QO15,109,old,159
2015,QO15,110,new,1152
2015,QO15,110,old,172
2015,QO15,111,new,933
2015,QO15,111,old,135
2015,QO15,112,new,1034
2015,QO15,112,old,142
2015,QO15,113,new,897
2015,QO15,113,old,103
2015,QO15,114,new,995
2015,QO15,114,old,107
2015,QO15,115,new,942
2015,QO15,115,old,99
2015,QO15,116,new,923
2015,QO15,116,old,76
2015,QO15,117,new,951
2015,QO15,117,old,78
2015,QO15,118,new,907
2015,QO15,118,old,74
2015,QO15,119,new,890
2015,QO15,119,old,67
2015,QO15,120,new,982
2015,QO15,120,old,61
2015,QO15,121,new,821
2015,QO15,121,old,45
2015,QO15,122,new,868
2015,QO15,122,old,44
2015,QO15,123,new,731
2015,QO15,123,old,52
2015,QO15,124,new,805
2015,QO15,124,old,35
2015,QO15,125,new,722
2015,QO15,125,old,35
2015,QO15,126,new,572
2015,QO15,126,old,32
2015,QO15,127,new,577
2015,QO15,127,old,30
2015,QO15,128,new,430
2015,QO15,128,old,23
2015,QO15,129,new,354
2015,QO15,129,old,16
2015,QO15,130,new,272
2015,QO15,130,old,13
2015,QO15,131,new,191
2015,QO15,131,old,7
2015,QO15,132,new,149
2015,QO15,132,old,3
2015,QO15,133,new,112
2015,QO15,133,old,6
2015,QO15,134,new,85
2015,QO15,134,old,1
2015,QO15,135,new,68
2015,QO15,135,old,3
2015,QO15,136,new,50
2015,QO15,137,new,30
2015,QO15,137,old,2
2015,QO15,138,new,18
2015,QO15,138,old,2
2015,QO15,139,new,14
2015,QO15,139,old,2
2015,QO15,140,new,18
2015,QO15,140,old,2
2015,QO15,141,new,11
2015,QO15,142,new,4
2015,QO15,142,old,2
2015,QO15,143,new,7
2015,QO15,144,new,3
2015,QO15,144,old,1
2015,QO15,145,new,2
2015,QO15,145,old,2
2015,QO15,146,new,1
2015,QO15,146,old,2
2015,QO15,147,new,2
2015,QO15,148,old,1
2015,QO15,149,new,1
2015,QO15,149,old,2
2015,QO15,150,old,2
2015,QO15,151,new,1
2015,QO15,155,new,1
2015,QO15,156,new,3
2015,QO15,159,new,1
2015,QO15,162,new,1
2015,QO15,164,new,1
2015,QO15,166,new,1
2015,QO15,168,new,1
2015,QO15,172,new,1
2016,QO16,71,new,1
2016,QO16,74,new,1
2016,QO16,75,new,1
2016,QO16,77,new,1
2016,QO16,79,new,1
2016,QO16,83,new,2
2016,QO16,84,new,1
2016,QO16,85,new,1
2016,QO16,86,new,2
2016,QO16,86,old,1
2016,QO16,87,new,1
2016,QO16,88,new,3
2016,QO16,89,new,3
2016,QO16,89,old,1
2016,QO16,90,new,8
2016,QO16,91,new,8
2016,QO16,92,new,13
2016,QO16,93,new,7
2016,QO16,93,old,1
2016,QO16,94,new,28
2016,QO16,94,old,4
2016,QO16,95,new,55
2016,QO16,95,old,2
2016,QO16,96,new,62
2016,QO16,96,old,7
2016,QO16,97,new,113
2016,QO16,97,old,12
2016,QO16,98,new,178
2016,QO16,98,old,21
2016,QO16,99,new,231
2016,QO16,99,old,32
2016,QO16,100,new,356
2016,QO16,100,old,52
2016,QO16,101,new,431
2016,QO16,101,old,69
2016,QO16,102,new,607
2016,QO16,102,old,69
2016,QO16,103,new,689
2016,QO16,103,old,85
2016,QO16,104,new,731
2016,QO16,104,old,110
2016,QO16,105,new,810
2016,QO16,105,old,135
2016,QO16,106,new,806
2016,QO16,106,old,123
2016,QO16,107,new,801
2016,QO16,107,old,121
2016,QO16,108,new,830
2016,QO16,108,old,96
2016,QO16,109,new,788
2016,QO16,109,old,131
2016,QO16,110,new,817
2016,QO16,110,old,133
2016,QO16,111,new,722
2016,QO16,111,old,120
2016,QO16,112,new,638
2016,QO16,112,old,123
2016,QO16,113,new,643
2016,QO16,113,old,99
2016,QO16,114,new,620
2016,QO16,114,old,104
2016,QO16,115,new,666
2016,QO16,115,old,105
2016,QO16,116,new,601
2016,QO16,116,old,89
2016,QO16,117,new,531
2016,QO16,117,old,102
2016,QO16,118,new,536
2016,QO16,118,old,88
2016,QO16,119,new,506
2016,QO16,119,old,91
2016,QO16,120,new,525
2016,QO16,120,old,123
2016,QO16,121,new,432
2016,QO16,121,old,116
2016,QO16,122,new,461
2016,QO16,122,old,113
2016,QO16,123,new,388
2016,QO16,123,old,72
2016,QO16,124,new,357
2016,QO16,124,old,81
2016,QO16,125,new,312
2016,QO16,125,old,67
2016,QO16,126,new,254
2016,QO16,126,old,72
2016,QO16,127,new,170
2016,QO16,127,old,62
2016,QO16,128,new,174
2016,QO16,128,old,45
2016,QO16,129,new,146
2016,QO16,129,old,31
2016,QO16,130,new,86
2016,QO16,130,old,31
2016,QO16,131,new,77
2016,QO16,131,old,19
2016,QO16,132,new,64
2016,QO16,132,old,20
2016,QO16,133,new,39
2016,QO16,133,old,8
2016,QO16,134,new,34
2016,QO16,134,old,9
2016,QO16,135,new,34
2016,QO16,135,old,4
2016,QO16,136,new,25
2016,QO16,136,old,6
2016,QO16,137,new,10
2016,QO16,137,old,5
2016,QO16,138,new,4
2016,QO16,139,new,7
2016,QO16,139,old,1
2016,QO16,140,new,3
2016,QO16,141,new,4
2016,QO16,142,new,1
2016,QO16,147,new,1
2016,QO16,148,new,1
2017,QO17,67,new,1
2017,QO17,69,new,1
2017,QO17,75,new,2
2017,QO17,77,new,2
2017,QO17,80,new,1
2017,QO17,83,new,2
2017,QO17,84,old,1
2017,QO17,85,new,1
2017,QO17,86,new,1
2017,QO17,87,new,2
2017,QO17,88,new,2
2017,QO17,89,new,2
2017,QO17,90,new,4
2017,QO17,91,new,10
2017,QO17,91,old,1
2017,QO17,92,new,8
2017,QO17,92,old,1
2017,QO17,93,new,15
2017,QO17,93,old,1
2017,QO17,94,new,38
2017,QO17,94,old,1
2017,QO17,95,new,47
2017,QO17,95,old,5
2017,QO17,96,new,87
2017,QO17,96,old,8
2017,QO17,97,new,148
2017,QO17,97,old,16
2017,QO17,98,new,219
2017,QO17,98,old,20
2017,QO17,99,new,376
2017,QO17,99,old,31
2017,QO17,100,new,493
2017,QO17,100,old,54
2017,QO17,101,new,672
2017,QO17,101,old,63
2017,QO17,102,new,708
2017,QO17,102,old,84
2017,QO17,103,new,773
2017,QO17,103,old,79
2017,QO17,104,new,833
2017,QO17,104,old,81
2017,QO17,105,new,874
2017,QO17,105,old,83
2017,QO17,106,new,783
2017,QO17,106,old,86
2017,QO17,107,new,788
2017,QO17,107,old,81
2017,QO17,108,new,732
2017,QO17,108,old,88
2017,QO17,109,new,705
2017,QO17,109,old,75
2017,QO17,110,new,698
2017,QO17,110,old,78
2017,QO17,111,new,611
2017,QO17,111,old,74
2017,QO17,112,new,579
2017,QO17,112,old,57
2017,QO17,113,new,457
2017,QO17,113,old,57
2017,QO17,114,new,452
2017,QO17,114,old,55
2017,QO17,115,new,424
2017,QO17,115,old,45
2017,QO17,116,new,317
2017,QO17,116,old,50
2017,QO17,117,new,304
2017,QO17,117,old,39
2017,QO17,118,new,264
2017,QO17,118,old,37
2017,QO17,119,new,232
2017,QO17,119,old,40
2017,QO17,120,new,180
2017,QO17,120,old,54
2017,QO17,121,new,150
2017,QO17,121,old,38
2017,QO17,122,new,105
2017,QO17,122,old,27
2017,QO17,123,new,96
2017,QO17,123,old,31
2017,QO17,124,new,75
2017,QO17,124,old,26
2017,QO17,125,new,72
2017,QO17,125,old,20
2017,QO17,126,new,35
2017,QO17,126,old,16
2017,QO17,127,new,31
2017,QO17,127,old,15
2017,QO17,128,new,30
2017,QO17,128,old,14
2017,QO17,129,new,21
2017,QO17,129,old,7
2017,QO17,130,new,15
2017,QO17,130,old,2
2017,QO17,131,new,6
2017,QO17,131,old,5
2017,QO17,132,new,11
2017,QO17,132,old,1
2017,QO17,133,new,5
2017,QO17,133,old,1
2017,QO17,134,new,1
2017,QO17,134,old,3
2017,QO17,135,new,4
2017,QO17,137,new,2
2017,QO17,138,new,1
2017,QO17,141,new,1
2018,QO18,58,new,1
2018,QO18,59,old,1
2018,QO18,71,new,2
2018,QO18,74,new,2
2018,QO18,75,new,1
2018,QO18,76,new,2
2018,QO18,77,new,3
2018,QO18,78,new,2
2018,QO18,79,new,1
2018,QO18,79,old,1
2018,QO18,80,new,3
2018,QO18,81,new,3
2018,QO18,82,new,4
2018,QO18,82,old,2
2018,QO18,83,new,4
2018,QO18,84,new,4
2018,QO18,84,old,1
2018,QO18,85,new,5
2018,QO18,85,old,1
2018,QO18,86,new,6
2018,QO18,87,new,6
2018,QO18,88,new,9
2018,QO18,88,old,1
2018,QO18,89,new,5
2018,QO18,90,new,10
2018,QO18,90,old,1
2018,QO18,91,new,10
2018,QO18,92,new,14
2018,QO18,92,old,4
2018,QO18,93,new,20
2018,QO18,93,old,4
2018,QO18,94,new,32
2018,QO18,94,old,4
2018,QO18,95,new,63
2018,QO18,95,old,13
2018,QO18,96,new,116
2018,QO18,96,old,21
2018,QO18,97,new,169
2018,QO18,97,old,40
2018,QO18,98,new,287
2018,QO18,98,old,53
2018,QO18,99,new,402
2018,QO18,99,old,97
2018,QO18,100,new,635
2018,QO18,100,old,120
2018,QO18,101,new,752
2018,QO18,101,old,185
2018,QO18,102,new,832
2018,QO18,102,old,266
2018,QO18,103,new,904
2018,QO18,103,old,258
2018,QO18,104,new,983
2018,QO18,104,old,313
2018,QO18,105,new,958
2018,QO18,105,old,326
2018,QO18,106,new,932
2018,QO18,106,old,367
2018,QO18,107,new,787
2018,QO18,107,old,325
2018,QO18,108,new,779
2018,QO18,108,old,384
2018,QO18,109,new,733
2018,QO18,109,old,390
2018,QO18,110,new,689
2018,QO18,110,old,366
2018,QO18,111,new,577
2018,QO18,111,old,348
2018,QO18,112,new,526
2018,QO18,112,old,350
2018,QO18,113,new,433
2018,QO18,113,old,287
2018,QO18,114,new,455
2018,QO18,114,old,330
2018,QO18,115,new,432
2018,QO18,115,old,266
2018,QO18,116,new,352
2018,QO18,116,old,248
2018,QO18,117,new,297
2018,QO18,117,old,199
2018,QO18,118,new,296
2018,QO18,118,old,178
2018,QO18,119,new,292
2018,QO18,119,old,151
2018,QO18,120,new,251
2018,QO18,120,old,145
2018,QO18,121,new,216
2018,QO18,121,old,120
2018,QO18,122,new,199
2018,QO18,122,old,66
2018,QO18,123,new,153
2018,QO18,123,old,77
2018,QO18,124,new,149
2018,QO18,124,old,62
2018,QO18,125,new,132
2018,QO18,125,old,47
2018,QO18,126,new,105
2018,QO18,126,old,36
2018,QO18,127,new,93
2018,QO18,127,old,27
2018,QO18,128,new,79
2018,QO18,128,old,30
2018,QO18,129,new,74
2018,QO18,129,old,17
2018,QO18,130,new,44
2018,QO18,130,old,8
2018,QO18,131,new,42
2018,QO18,131,old,7
2018,QO18,132,new,29
2018,QO18,132,old,10
2018,QO18,133,new,17
2018,QO18,133,old,4
2018,QO18,134,new,17
2018,QO18,134,old,3
2018,QO18,135,new,11
2018,QO18,136,new,12
2018,QO18,136,old,2
2018,QO18,138,new,4
2018,QO18,139,new,2
2018,QO18,140,new,1
2018,QO18,143,new,1
2018,QO18,143,old,1
2018,QO18,144,old,1
2019,QO19,72,old,1
2019,QO19,74,new,1
2019,QO19,75,old,1
2019,QO19,79,new,2
2019,QO19,80,new,1
2019,QO19,80,old,1
2019,QO19,81,new,2
2019,QO19,82,new,1
2019,QO19,82,old,1
2019,QO19,83,old,2
2019,QO19,84,new,3
2019,QO19,84,old,1
2019,QO19,85,new,4
2019,QO19,86,new,4
2019,QO19,87,new,4
2019,QO19,87,old,2
2019,QO19,88,new,5
2019,QO19,88,old,2
2019,QO19,89,new,5
2019,QO19,90,new,16
2019,QO19,91,new,18
2019,QO19,91,old,3
2019,QO19,92,new,42
2019,QO19,92,old,9
2019,QO19,93,new,62
2019,QO19,93,old,13
2019,QO19,94,new,118
2019,QO19,94,old,20
2019,QO19,95,new,171
2019,QO19,95,old,27
2019,QO19,96,new,295
2019,QO19,96,old,60
2019,QO19,97,new,503
2019,QO19,97,old,74
2019,QO19,98,new,716
2019,QO19,98,old,111
2019,QO19,99,new,888
2019,QO19,99,old,140
2019,QO19,100,new,1347
2019,QO19,100,old,221
2019,QO19,101,new,1408
2019,QO19,101,old,249
2019,QO19,102,new,1649
2019,QO19,102,old,292
2019,QO19,103,new,1656
2019,QO19,103,old,292
2019,QO19,104,new,1702
2019,QO19,104,old,314
2019,QO19,105,new,1589
2019,QO19,105,old,342
2019,QO19,106,new,1486
2019,QO19,106,old,317
2019,QO19,107,new,1360
2019,QO19,107,old,295
2019,QO19,108,new,1313
2019,QO19,108,old,280
2019,QO19,109,new,1113
2019,QO19,109,old,264
2019,QO19,110,new,1046
2019,QO19,110,old,260
2019,QO19,111,new,866
2019,QO19,111,old,182
2019,QO19,112,new,814
2019,QO19,112,old,191
2019,QO19,113,new,689
2019,QO19,113,old,187
2019,QO19,114,new,627
2019,QO19,114,old,151
2019,QO19,115,new,563
2019,QO19,115,old,152
2019,QO19,116,new,463
2019,QO19,116,old,120
2019,QO19,117,new,453
2019,QO19,117,old,124
2019,QO19,118,new,319
2019,QO19,118,old,105
2019,QO19,119,new,301
2019,QO19,119,old,99
2019,QO19,120,new,290
2019,QO19,120,old,107
2019,QO19,121,new,251
2019,QO19,121,old,70
2019,QO19,122,new,204
2019,QO19,122,old,65
2019,QO19,123,new,172
2019,QO19,123,old,60
2019,QO19,124,new,167
2019,QO19,124,old,64
2019,QO19,125,new,147
2019,QO19,125,old,45
2019,QO19,126,new,130
2019,QO19,126,old,46
2019,QO19,127,new,115
2019,QO19,127,old,41
2019,QO19,128,new,80
2019,QO19,128,old,26
2019,QO19,129,new,74
2019,QO19,129,old,22
2019,QO19,130,new,59
2019,QO19,130,old,16
2019,QO19,131,new,58
2019,QO19,131,old,14
2019,QO19,132,new,52
2019,QO19,132,old,23
2019,QO19,133,new,27
2019,QO19,133,old,9
2019,QO19,134,new,22
2019,QO19,134,old,5
2019,QO19,135,new,22
2019,QO19,135,old,4
2019,QO19,136,new,14
2019,QO19,136,old,2
2019,QO19,137,new,5
2019,QO19,137,old,3
2019,QO19,138,new,5
2019,QO19,138,old,3
2019,QO19,139,new,4
2019,QO19,139,old,1
2019,QO19,140,new,5
2019,QO19,141,new,3
2019,QO19,141,old,1
2019,QO19,142,new,2
2019,QO19,145,new,1
2020,QO20,71,old,1
2020,QO20,75,new,1
2020,QO20,77,new,1
2020,QO20,77,old,1
2020,QO20,78,new,1
2020,QO20,79,old,1
2020,QO20,83,new,1
2020,QO20,83,old,1
2020,QO20,84,new,3
2020,QO20,85,new,2
2020,QO20,85,old,2
2020,QO20,86,new,2
2020,QO20,87,new,2
2020,QO20,87,old,1
2020,QO20,88,new,3
2020,QO20,89,new,7
2020,QO20,89,old,1
2020,QO20,90,new,9
2020,QO20,90,old,1
2020,QO20,91,new,6
2020,QO20,91,old,5
2020,QO20,92,new,21
2020,QO20,92,old,7
2020,QO20,93,new,28
2020,QO20,93,old,5
2020,QO20,94,new,51
2020,QO20,94,old,11
2020,QO20,95,new,88
2020,QO20,95,old,36
2020,QO20,96,new,157
2020,QO20,96,old,46
2020,QO20,97,new,295
2020,QO20,97,old,79
2020,QO20,98,new,407
2020,QO20,98,old,112
2020,QO20,99,new,603
2020,QO20,99,old,118
2020,QO20,100,new,967
2020,QO20,100,old,218
2020,QO20,101,new,1117
2020,QO20,101,old,201
2020,QO20,102,new,1360
2020,QO20,102,old,223
2020,QO20,103,new,1467
2020,QO20,103,old,239
2020,QO20,104,new,1513
2020,QO20,104,old,226
2020,QO20,105,new,1631
2020,QO20,105,old,214
2020,QO20,106,new,1502
2020,QO20,106,old,226
2020,QO20,107,new,1494
2020,QO20,107,old,218
2020,QO20,108,new,1311
2020,QO20,108,old,207
2020,QO20,109,new,1109
2020,QO20,109,old,159
2020,QO20,110,new,1189
2020,QO20,110,old,190
2020,QO20,111,new,939
2020,QO20,111,old,171
2020,QO20,112,new,982
2020,QO20,112,old,146
2020,QO20,113,new,676
2020,QO20,113,old,128
2020,QO20,114,new,610
2020,QO20,114,old,116
2020,QO20,115,new,548
2020,QO20,115,old,123
2020,QO20,116,new,438
2020,QO20,116,old,105
2020,QO20,117,new,345
2020,QO20,117,old,95
2020,QO20,118,new,307
2020,QO20,118,old,85
2020,QO20,119,new,206
2020,QO20,119,old,78
2020,QO20,120,new,193
2020,QO20,120,old,80
2020,QO20,121,new,124
2020,QO20,121,old,63
2020,QO20,122,new,128
2020,QO20,122,old,67
2020,QO20,123,new,95
2020,QO20,123,old,54
2020,QO20,124,new,57
2020,QO20,124,old,46
2020,QO20,125,new,45
2020,QO20,125,old,46
2020,QO20,126,new,34
2020,QO20,126,old,36
2020,QO20,127,new,21
2020,QO20,127,old,36
2020,QO20,128,new,19
2020,QO20,128,old,28
2020,QO20,129,new,16
2020,QO20,129,old,27
2020,QO20,130,new,13
2020,QO20,130,old,20
2020,QO20,131,new,8
2020,QO20,131,old,8
2020,QO20,132,new,2
2020,QO20,132,old,16
2020,QO20,133,new,2
2020,QO20,133,old,8
2020,QO20,134,new,4
2020,QO20,134,old,13
2020,QO20,135,old,8
2020,QO20,136,old,4
2020,QO20,137,new,1
2020,QO20,137,old,3
2020,QO20,138,new,2
2020,QO20,138,old,2
2020,QO20,139,new,1
2020,QO20,139,old,2
2020,QO20,141,old,1
2021,QO21,82,old,1
2021,QO21,87,new,2
2021,QO21,89,new,1
2021,QO21,90,old,1
2021,QO21,91,new,4
2021,QO21,91,old,1
2021,QO21,92,new,5
2021,QO21,92,old,1
2021,QO21,93,new,6
2021,QO21,94,new,14
2021,QO21,94,old,2
2021,QO21,95,new,35
2021,QO21,95,old,2
2021,QO21,96,new,56
2021,QO21,96,old,6
2021,QO21,97,new,94
2021,QO21,97,old,4
2021,QO21,98,new,146
2021,QO21,98,old,12
2021,QO21,99,new,221
2021,QO21,99,old,11
2021,QO21,100,new,314
2021,QO21,100,old,24
2021,QO21,101,new,375
2021,QO21,101,old,20
2021,QO21,102,new,434
2021,QO21,102,old,33
2021,QO21,103,new,398
2021,QO21,103,old,25
2021,QO21,104,new,428
2021,QO21,104,old,28
2021,QO21,105,new,467
2021,QO21,105,old,34
2021,QO21,106,new,428
2021,QO21,106,old,33
2021,QO21,107,new,427
2021,QO21,107,old,32
2021,QO21,108,new,321
2021,QO21,108,old,21
2021,QO21,109,new,342
2021,QO21,109,old,32
2021,QO21,110,new,336
2021,QO21,110,old,40
2021,QO21,111,new,279
2021,QO21,111,old,36
2021,QO21,112,new,251
2021,QO21,112,old,22
2021,QO21,113,new,216
2021,QO21,113,old,18
2021,QO21,114,new,219
2021,QO21,114,old,26
2021,QO21,115,new,158
2021,QO21,115,old,14
2021,QO21,116,new,142
2021,QO21,116,old,12
2021,QO21,117,new,124
2021,QO21,117,old,10
2021,QO21,118,new,85
2021,QO21,118,old,15
2021,QO21,119,new,74
2021,QO21,119,old,10
2021,QO21,120,new,65
2021,QO21,120,old,8
2021,QO21,121,new,41
2021,QO21,121,old,7
2021,QO21,122,new,37
2021,QO21,122,old,6
2021,QO21,123,new,34
2021,QO21,123,old,6
2021,QO21,124,new,21
2021,QO21,124,old,2
2021,QO21,125,new,17
2021,QO21,125,old,2
2021,QO21,126,new,6
2021,QO21,126,old,3
2021,QO21,127,new,7
2021,QO21,127,old,2
2021,QO21,128,new,6
2021,QO21,128,old,4
2021,QO21,129,new,3
2021,QO21,129,old,1
2021,QO21,130,new,4
2021,QO21,130,old,2
2021,QO21,132,new,2
2021,QO21,133,old,1
2021,QO21,135,new,1
2021,QO21,135,old,1
2022,QO22,105,new,1
2023,QO23,113,old,1
2023,QO23,117,new,1
